number,first_name,last_name,gender,birth_date,employment_status,annual_salary,tax_file_no
483,Lenord,Kihn,M,1994-07-01,,64598,
478,Palma,Beahan,F,1972-05-06,PE,124103,
348,Hebert,Muller,M,1990-09-04,PE,100324,
757,Virginia,Ullrich,M,1991-09-23,PE,144957,
937,Roby,Hudson,M,1997-01-15,,137659,
264,Jaeda,Effertz,,1994-03-21,PE,131924,
165,Jalissa,Bogisich,F,1974-01-07,PE,101133,
211,Lexie,Robel,M,1997-09-05,,106595,
510,Billy,Reilly,M,1977-04-30,,75300,
940,Marlana,Moen,F,1979-05-05,CA,140611,
175,Aja,Lynch,M,1986-08-21,PE,69271,
772,Jabez,McLaughlin,M,1971-01-12,PE,141535,
950,Adrienne,Stokes,F,1982-07-28,CA,97453,
906,Florene,O'Connell,M,1979-04-03,PE,133971,
325,Migdalia,Sauer,M,1992-08-24,PE,144271,
194,Ace,Upton,,1987-08-25,PE,120120,
493,Jelani,Quitzon,M,1991-03-20,PE,93442,
901,Nikki,D'Amore,,1985-08-09,CA,108287,
712,Yahir,Kertzmann,F,1970-10-27,,95140,
936,Marsha,Ledner,F,1982-12-23,PE,143806,
327,Amarion,Larkin,M,1987-06-28,PE,145321,
431,Maynard,Zieme,,1982-10-12,PE,76354,
542,Mat,Nienow,F,1995-06-14,,141463,
78,Brannon,Goldner,F,1985-04-09,PE,72290,
90,Zilpha,Kreiger,F,1980-07-21,,91584,
855,Carla,Witting,F,1977-02-07,PE,96996,
621,Saint,Hayes,F,1993-08-09,,128053,
948,Gerry,Kunze,F,1990-11-21,,110341,
232,Urijah,McClure,F,1971-04-29,TE,105555,
377,Malcolm,Schmitt,M,1974-03-30,PE,59482,
458,Desmond,Pfeffer,F,1970-04-07,CA,72361,
171,Hope,Zboncak,F,1989-07-18,PE,109051,
163,January,Balistreri,F,1995-10-26,,63802,
409,Brionna,Block,F,1973-04-17,,55607,
88,Zain,Franecki,F,1972-11-03,PE,141171,
927,Jaelynn,Corkery,F,1999-10-21,PE,136524,
397,Millicent,Moen,M,1983-03-15,PE,116407,
289,Jeryl,Lesch,F,1971-05-24,PE,144888,
307,Percival,Flatley,F,1982-12-11,PE,67961,
982,Riley,Orn,,1978-01-09,PE,82041,
679,Katelin,Huels,M,1996-12-17,PE,65039,
700,Jaiden,Hirthe,M,1970-09-26,CA,62770,
911,Hildred,McKenzie,M,1970-03-23,PE,98515,
428,Mansfield,Mosciski,,1986-03-22,PE,135099,
609,Alana,Gaylord,F,1976-10-27,,71825,
442,Kyrie,Sanford,M,1992-04-15,PE,75514,
238,Addison,Sanford,,1977-09-20,CA,111234,
969,Marget,West,M,1979-10-11,PE,79230,
245,Gladis,Yost,,1996-12-30,PE,74821,
72,Laisha,Collier,F,1981-10-23,PE,131899,
829,Shade,Runte,M,1991-11-08,PE,56935,
900,Kate,Blick,F,1975-05-10,CA,90927,
586,Barton,Stokes,F,1991-05-10,PE,97214,
482,Anibal,Dare,M,1986-05-23,TE,149219,
932,Lucia,Bogan,M,1994-10-27,PE,137985,
337,Omar,Beier,M,1977-01-22,,125879,
561,Kari,Conn,F,1980-01-19,,58570,
22,Rashawn,Wyman,M,1995-05-06,,56155,
357,Darby,Herzog,M,1980-05-24,CA,72575,
990,Maryellen,Stanton,,1993-09-26,PE,80038,
151,Ephram,Lindgren,M,1994-12-10,CA,130053,
629,Broderick,Mills,F,1986-04-25,PE,104727,
725,Lance,Ratke,M,1979-08-03,PE,84832,
349,Kamora,Bednar,,1988-07-24,PE,72137,
241,Jaclyn,O'Connell,F,1993-01-30,PE,126787,
845,Kayleen,Hodkiewicz,F,1986-05-29,,58755,
194,Trilby,Hartmann,F,1979-01-11,PE,118209,
429,Ernie,Harber,M,1997-10-15,PE,70102,
38,Duke,Krajcik,M,1977-09-29,PE,136383,
687,Columbia,Pacocha,F,1994-10-04,PE,129147,
928,Furman,Kiehn,F,1974-01-03,,59444,
914,Phylicia,Gerlach,,1996-12-18,CA,146603,
840,Vassie,Turcotte,F,1999-05-22,PE,138513,
655,Trey,Conn,F,1978-04-21,PE,118809,
143,Ilo,Mohr,F,1985-01-08,PE,106096,
309,Wilfred,Willms,M,1998-07-19,,108311,
638,Crockett,Zieme,,1978-08-25,PE,86551,
156,Armstead,O'Kon,F,1984-08-07,PE,75042,
516,Chuck,Watsica,M,1984-02-24,,135153,
138,Nannette,Wintheiser,,1985-10-05,PE,124371,
845,Shellie,Zboncak,M,1988-08-27,PE,80332,
312,Rylie,Bode,M,1978-03-05,PE,146229,
971,Phebe,Turcotte,F,1988-08-07,,141422,
420,Judi,Daugherty,F,1980-07-23,PE,56124,
442,Lavon,Kunze,M,1991-05-29,PE,86608,
745,Norine,Bode,,1994-10-02,,112224,
592,Camisha,Casper,,1994-07-02,,59113,
144,Stanford,Roberts,,1996-11-14,PE,147941,
850,Jeffry,Kreiger,M,1983-04-07,PE,79429,
754,Elige,Rempel,M,1976-12-11,PE,84343,
444,Justus,Ullrich,M,1981-01-17,TE,90633,
657,Juana,Russel,F,1991-07-08,,142237,
835,Zelia,Lakin,M,1989-07-02,CA,125912,
503,Socorro,Barrows,M,1976-08-06,PE,135162,
287,Jory,Tromp,F,1985-06-06,PE,133805,
463,Ellison,Bednar,F,1984-03-10,PE,81377,
355,Theodis,Ruecker,F,1990-06-28,PE,126923,
829,Halley,Armstrong,M,1972-07-15,PE,96508,
130,Merwin,O'Keefe,,1981-09-07,TE,95193,
185,Quint,Halvorson,M,1978-11-24,TE,56029,
527,Terrance,Schroeder,F,1989-06-02,PE,76154,
850,Darryle,Stracke,,1978-06-03,TE,77865,
763,Effa,Senger,F,1974-07-24,TE,143664,
45,Tilman,Welch,F,1973-05-24,PE,114153,
45,Manilla,Daniel,M,1980-07-06,,89318,
88,Gustie,Feest,M,1976-12-29,PE,130311,
202,Brandon,Yost,F,1993-01-22,PE,84858,
327,Byrd,Wintheiser,M,1983-11-01,PE,62026,
373,Alize,Murazik,F,1972-04-08,,119571,
663,Rae,Wolf,,1998-01-13,,98996,
102,Ramona,Reichert,F,1977-02-26,PE,116332,
249,Elmer,Reichert,M,1978-04-09,PE,84094,
958,Chantel,Shanahan,M,1992-05-22,PE,72408,
293,Rob,Hagenes,M,1997-01-27,TE,73762,
221,Devonte,Erdman,M,1985-09-15,PE,59567,
105,Lucetta,Kemmer,M,1980-03-22,PE,72335,
387,Ellsworth,Carter,M,1979-07-24,TE,138540,
443,Tristin,Shields,F,1980-08-25,PE,97981,
683,Wesley,Wiza,F,1989-06-07,PE,68935,
144,Gavin,Kuhic,M,1985-09-20,PE,132542,
583,Camila,Tillman,M,1977-04-03,PE,99941,
504,Dorla,Stark,M,1998-08-14,,134767,
937,Emeline,Klocko,F,1975-05-29,PE,68156,
455,Isamar,Grimes,M,1991-10-10,TE,113122,
303,Dennis,Cole,M,1993-04-16,,147018,
66,Ott,Huels,M,1991-07-17,,106909,
813,Rudolf,Paucek,F,1972-03-07,,110663,
51,Fleda,Botsford,M,1989-01-14,PE,77949,
648,Luella,Tromp,M,1970-01-24,PE,55559,
911,Landen,Predovic,F,1988-06-21,CA,125038,
991,Malvina,Cole,F,1971-09-25,PE,66400,
301,Garrison,Schulist,M,1982-10-14,PE,109871,
622,Dakotah,Kirlin,M,1976-11-05,PE,93349,
104,Cephus,Botsford,M,1986-09-11,PE,84377,
31,Syreeta,Altenwerth,M,1999-08-28,PE,117554,
828,Magdalena,Reichert,M,1993-09-02,PE,55366,
728,Matie,Lubowitz,F,1984-04-27,PE,119788,
763,Kiara,Gerlach,M,1984-11-26,,108015,
360,Jasmin,Willms,F,1982-08-27,PE,126649,
483,Desirae,Frami,F,1982-07-08,PE,105702,
1,Kitty,Ruecker,F,1976-07-24,PE,90613,
512,Cordell,Rempel,F,1995-04-10,PE,120924,
41,Gladyce,Kovacek,F,1993-05-24,PE,110498,
102,Stacey,Rice,F,1975-02-13,TE,109856,
64,Marcello,Yost,M,1995-04-15,PE,59985,
569,Angella,Harvey,F,1988-01-21,CA,77758,
610,Sidney,Johnson,F,1990-12-12,PE,141549,
12,Efrain,Harber,,1995-01-26,,57029,
709,Loula,Botsford,F,1995-01-19,,100518,
196,Ebb,Thiel,M,1982-10-19,PE,142036,
486,Gorden,Vandervort,F,1977-10-25,PE,147202,
350,Maci,Hilll,F,1996-11-23,,124359,
222,Goldia,Kulas,F,1977-09-22,PE,145125,
446,Warren,Corkery,F,1990-02-09,PE,70914,
290,Frieda,Barrows,M,1981-09-27,PE,130890,
784,Vernie,Mann,,1994-01-02,,92651,
360,Myles,Ritchie,M,1979-01-19,,69366,
686,Harvy,Schmeler,,1982-05-16,PE,136674,
430,Jaylynn,Kerluke,M,1997-10-09,PE,130936,
867,Vicente,Veum,,1971-04-14,PE,98806,
921,Odis,Stracke,,1982-05-06,TE,86325,
898,Kristie,Ullrich,,1989-10-11,PE,108635,
505,Lue,Von,F,1986-12-10,PE,119230,
407,Baylie,Conroy,M,1988-06-17,TE,125274,
951,Farris,Hirthe,M,1986-12-10,,74274,
194,Travon,Schmitt,M,1999-12-07,CA,112990,
132,Esmeralda,Nolan,F,1996-11-03,PE,57474,
885,Barnett,Schneider,M,1980-05-29,PE,55153,
261,Harley,Conn,M,1983-10-24,PE,98869,
95,Hilah,Thompson,,1984-05-06,TE,103413,
141,Bayard,Bartoletti,M,1990-11-21,CA,115560,
215,Pasquale,Boyle,M,1971-04-09,CA,132888,
174,Devin,Reynolds,,1991-01-15,TE,56817,
137,Colette,Franecki,,1990-06-02,PE,127923,
525,Semaj,Rowe,M,1970-07-07,PE,89280,
769,Madaline,Hammes,F,1974-05-24,,66521,
610,Americo,Hyatt,M,1985-09-23,PE,148119,
875,Selmer,Vandervort,,1981-01-10,TE,116517,
410,Orren,Berge,,1997-04-26,TE,132390,
760,Durwood,Prosacco,M,1980-08-31,CA,114870,
235,Lakendra,Ruecker,,1973-10-01,PE,73881,
946,Mustafa,Kreiger,F,1983-03-11,PE,125503,
771,Ryleigh,Waters,,1975-05-11,PE,96238,
236,Boyd,Hirthe,,1986-12-29,PE,73884,
850,Arnulfo,Dickens,F,1995-11-16,PE,135303,
728,Carmel,Shields,F,1996-01-08,PE,81050,
626,Uriah,Schmidt,,1997-12-08,PE,88767,
493,Manda,McKenzie,F,1989-10-07,PE,59627,
424,Oland,Bradtke,M,1972-07-07,PE,96697,
540,Elisha,Haag,,1984-01-25,PE,74124,
167,Harmony,Welch,,1991-07-18,PE,83793,
54,Clovis,Romaguera,F,1992-03-14,PE,94327,
514,Kenny,Shields,M,1996-11-30,PE,133041,
333,Gidget,Champlin,M,1975-04-28,PE,57584,
757,Leota,O'Keefe,M,1994-01-02,,97408,
672,Sedrick,Waelchi,F,1975-04-19,TE,92351,
885,Estela,Smitham,F,1992-04-06,PE,123140,
135,Aletha,Konopelski,,1984-01-18,PE,60778,
217,Alec,Spinka,M,1993-07-11,PE,62865,
94,Davonta,Hoppe,M,1973-09-22,CA,132089,
384,Felecia,Bednar,M,1996-03-23,,106510,
536,Edmund,Champlin,F,1978-05-27,PE,117105,
428,Georgeann,Gislason,F,1991-07-26,CA,133563,
648,Reina,Roob,M,1994-05-11,,65167,
975,Evonne,McGlynn,,1989-11-23,TE,66660,
462,Doris,Effertz,M,1971-04-15,,89444,
332,Kazuko,Abbott,F,1990-02-07,PE,58642,
19,Jalen,Considine,F,1987-12-09,,110155,
531,Sky,Schowalter,F,1978-06-17,,68018,
232,Gaither,Jakubowski,,1987-10-10,PE,65128,
530,Sullivan,Mueller,F,1976-02-24,PE,114085,
763,Virginia,Heaney,F,1995-12-09,TE,110331,
93,Wells,Wyman,F,1975-07-29,,78807,
61,Florian,Beahan,,1978-02-03,PE,98027,
285,Merl,Wintheiser,,1980-01-30,PE,130592,
298,Edwina,Aufderhar,M,1989-09-08,PE,89080,
802,Hilton,Nienow,,1993-10-13,TE,75005,
172,Valentino,Borer,,1979-01-16,,103891,
945,Shanelle,Rolfson,F,1970-09-01,CA,140563,
426,Christop,Frami,M,1997-01-06,,56324,
945,Twila,Dickinson,F,1995-02-15,PE,65375,
286,Mickey,Hettinger,,1996-07-02,CA,79999,
272,Leonora,Kirlin,M,1987-10-06,PE,85853,
814,Kendall,Kilback,M,1984-09-05,PE,59078,
312,Osborne,Bayer,M,1990-08-13,PE,111836,
246,Alwilda,Lueilwitz,M,1999-07-10,PE,132499,
115,Pandora,Goodwin,F,1975-04-24,,139469,
222,Lucie,Murphy,M,1991-05-22,PE,146587,
499,Evette,Marquardt,M,1999-03-26,,80151,
827,Venie,Becker,M,1973-03-15,TE,148967,
409,Rhea,Runolfsdottir,M,1994-09-13,PE,98150,
992,Aleta,Kessler,F,1993-11-02,PE,94994,
106,Bennie,Deckow,F,1985-10-20,PE,86508,
858,Larkin,Aufderhar,F,1997-11-14,,113114,
613,Leva,Berge,M,1978-06-08,PE,90204,
242,Milo,Sanford,F,1973-12-18,PE,112077,
566,Mia,Von,M,1986-07-11,PE,103794,
532,Sula,Funk,F,1979-04-06,,73487,
293,Drury,Weissnat,,1982-01-29,PE,99258,
958,Ottis,Wiegand,F,1977-09-27,PE,139409,
296,Verona,Padberg,M,1998-10-14,,125561,
171,Christa,Roob,M,1996-12-17,TE,110838,
962,Walton,Howell,M,1996-06-01,PE,76389,
592,Marsha,Price,F,1982-11-17,TE,86095,
427,Herbert,Brown,F,1984-05-21,PE,130710,
896,Efrem,Cronin,,1989-05-07,TE,58196,
443,Zadie,Gorczany,M,1992-06-21,,123502,
240,Melissa,Bode,F,1986-07-19,CA,65725,
673,Aubrie,Kuphal,,1991-09-29,PE,148177,
875,Ione,Jerde,F,1971-10-05,PE,109073,
843,Lillian,Bogisich,,1991-11-12,PE,72411,
986,Elmyra,Mertz,M,1981-04-15,PE,105395,
482,Fran,Pagac,M,1992-12-31,PE,99065,
779,Bernard,Leuschke,,1980-08-17,,62571,
1,Kimberley,Kuhic,F,1990-05-15,,110182,
761,Flor,Schamberger,M,1984-05-10,PE,101162,
681,Sebrina,Gibson,F,1991-03-24,PE,72679,
732,Dandre,Bartoletti,F,1975-06-16,PE,65582,
383,Jennie,Feeney,F,1984-02-05,PE,108970,
764,Marisela,Green,F,1979-12-03,PE,67236,
763,Corda,Wehner,M,1990-05-13,CA,77291,
563,Draven,Gleichner,F,1993-11-14,PE,109525,
5,Jamal,Cole,M,1983-01-31,PE,109251,
411,Jennette,Kemmer,F,1993-08-10,PE,92197,
836,Tammy,Nolan,,1974-08-02,TE,127199,
707,Ewell,Sawayn,F,1993-03-23,PE,117610,
476,Zack,Koch,F,1970-11-20,PE,109910,
787,Willow,Shields,F,1994-08-08,PE,80748,
808,Katharyn,Boyer,M,1971-01-28,PE,103177,
202,Delwin,Satterfield,M,1992-05-08,TE,146286,
917,Jeff,Jacobs,M,1980-11-06,TE,98247,
795,Ashlyn,Schinner,M,1977-10-21,,102601,
454,Carmen,Lind,F,1997-04-08,TE,147651,
757,Toma,Leuschke,,1999-05-31,,90620,
403,Audry,Dickinson,F,1977-04-15,PE,60869,
785,Bridgette,Ward,F,1992-07-13,PE,77710,
948,Dorsey,Runte,M,1982-04-25,PE,84865,
439,Jesenia,Nicolas,M,1979-02-28,PE,89252,
919,Gerda,Hane,F,1994-07-02,PE,140632,
766,Jace,Russel,,1998-11-29,,71119,
678,Juliet,Hagenes,,1979-08-19,PE,83360,
301,Leonore,Stroman,M,1991-02-18,PE,58179,
905,Devon,Kozey,M,1973-06-01,,66593,
31,Teddy,Rath,M,1990-02-17,PE,109005,
469,Patric,O'Hara,F,1973-03-17,PE,120552,
687,Willie,Runte,,1998-07-10,,143318,
743,Baker,Auer,F,1986-12-28,PE,72467,
710,Donato,Vandervort,M,1985-09-18,PE,141040,
593,Syble,Ebert,,1994-11-05,PE,117818,
228,Newt,Kertzmann,F,1997-05-14,PE,80860,
748,Nevin,Nicolas,F,1989-08-30,TE,81635,
805,Tommie,Kreiger,F,1981-02-19,CA,139040,
46,Tyrese,Eichmann,F,1982-07-18,,81777,
841,Kimber,Larson,F,1998-03-24,PE,149164,
773,Dijon,Brakus,F,1982-08-17,,129734,
750,Mozelle,Ullrich,M,1999-06-08,PE,149146,
214,Gail,Erdman,F,1975-10-23,PE,84614,
779,Alannah,Spencer,M,1978-08-02,PE,55923,
373,Almond,Waters,M,1973-04-15,PE,93094,
710,Eldred,Kshlerin,F,1975-09-24,PE,92262,
645,Clearence,Turner,M,1997-05-17,PE,98536,
24,Ariella,Runte,F,1993-12-26,PE,107325,
845,Wendel,Dibbert,F,1992-08-02,PE,144099,
690,Markel,Beer,M,1997-08-05,PE,95954,
956,Williemae,Nikolaus,M,1973-03-10,PE,117500,
188,Fenton,Block,F,1990-02-23,PE,119342,
882,Christeen,Borer,M,1981-09-12,PE,133983,
105,Christa,Buckridge,M,1998-05-23,PE,139709,
486,Kelby,Hessel,M,1972-06-21,PE,103945,
520,Sky,Collins,,1984-04-28,CA,137270,
578,Raheem,Rogahn,M,1997-09-05,,119569,
892,Sonji,King,,1981-12-09,PE,107375,
696,Marco,Heidenreich,M,1978-08-14,PE,59639,
26,Albertus,Bernier,,1989-01-06,PE,101017,
520,Hazel,Bruen,F,1980-01-19,,89167,
965,Janell,Heaney,F,1991-06-09,PE,80659,
278,Lorelei,Spencer,M,1973-02-10,PE,126556,
892,Oline,Hagenes,F,1980-02-25,,124195,
49,Jordyn,Connelly,F,1990-11-10,PE,124399,
550,Dove,Runolfsdottir,F,1972-03-04,PE,137960,
259,Cain,Rath,,1980-12-30,PE,148413,
870,Shaniece,Kovacek,M,1990-12-27,PE,144102,
8,Alvy,Beahan,,1993-08-05,PE,66519,
74,Marlin,Collins,F,1981-02-26,PE,85519,
442,Jazmine,Goyette,,1990-02-15,,67732,
919,Michial,Oberbrunner,M,1983-08-26,PE,142240,
639,Dulcie,Lemke,F,1970-05-15,,59796,
611,Weldon,Cronin,M,1988-12-26,PE,83682,
279,Alaina,Klocko,F,1981-09-07,PE,125133,
445,Woodson,Bins,F,1992-03-14,PE,113482,
109,Odin,Metz,M,1999-11-05,PE,91335,
67,Marcy,Schuppe,M,1983-12-31,,142081,
462,Maddux,Fahey,M,1973-07-01,PE,74497,
976,Cinthia,Kutch,,1993-09-02,PE,121833,
69,Shaneka,Powlowski,,1995-03-21,PE,103204,
35,Virgia,Feil,,1987-09-19,TE,59488,
747,Gladys,Morissette,F,1987-08-04,PE,133905,
183,Heyward,Mueller,M,1984-11-07,,118215,
888,Byrdie,Rolfson,F,1988-04-17,,56176,
693,Hakim,Towne,F,1975-01-05,PE,132437,
611,Deetta,Lowe,F,1971-01-11,PE,107681,
77,Baldwin,Osinski,,1993-08-08,PE,72896,
276,Hart,Kunze,M,1974-09-08,CA,73245,
492,Edwin,Graham,M,1997-05-02,PE,138471,
202,Amarion,Tromp,,1970-01-05,CA,146723,
900,Izaiah,West,F,1994-02-04,TE,95099,
329,Jailene,Lakin,M,1987-11-10,CA,97618,
527,Dolly,Ryan,,1992-03-26,CA,120725,
436,Anahi,Will,,1981-07-11,PE,127531,
91,Ethelyn,Romaguera,,1994-04-15,PE,90500,
325,Latifah,Howe,M,1994-03-22,TE,81518,
208,Nancie,Smith,F,1998-03-12,PE,107216,
211,Alyce,Haag,M,1979-10-05,PE,106761,
583,Jayce,Kub,,1982-05-29,PE,97761,
460,Abbey,Fahey,F,1982-08-27,,124621,
886,Baby,Towne,F,1983-09-14,TE,95548,
960,Madonna,Schmeler,,1972-06-20,PE,94692,
533,Algernon,Spencer,,1983-03-30,PE,72979,
391,Iesha,Marvin,,1986-06-27,CA,128357,
749,Hartley,Harber,,1978-05-05,,148713,
825,Loris,Volkman,M,1994-07-26,CA,83511,
492,Sidney,Reilly,,1977-02-11,TE,67500,
619,Dijon,Kohler,,1988-07-02,,82779,
674,Delpha,Frami,F,1986-06-02,PE,95014,
578,Lenord,Mraz,M,1997-06-25,PE,102116,
713,Ula,Rogahn,M,1997-04-01,,97009,
411,Royal,Balistreri,,1981-04-24,PE,112817,
237,Leora,Tromp,M,1984-06-13,TE,84218,
10,Pate,Weber,F,1992-01-03,PE,71722,
957,Damon,Rutherford,M,1976-02-24,CA,91380,
307,Colt,Schmitt,F,1990-07-31,,79093,
101,Khalilah,Flatley,M,1974-03-31,PE,91171,
667,Hymen,Kub,M,1982-01-17,PE,64141,
195,Mustafa,Emard,M,1972-03-16,PE,55003,
963,Burley,Lakin,F,1971-12-06,CA,116648,
566,Minor,Bradtke,,1978-01-28,CA,111715,
212,Fredy,Mraz,F,1994-05-05,PE,104426,
922,Errol,Pfeffer,M,1992-01-17,,91406,
992,Oda,Becker,M,1980-06-22,PE,76005,
893,Janiah,Little,F,1978-12-03,PE,142787,
798,Clinton,Morar,M,1991-09-05,PE,118143,
503,Patrick,Boehm,,1989-10-23,,111033,
580,Rashaan,Mills,M,1997-05-16,PE,72516,
813,Laura,Hartmann,F,1988-12-05,PE,63915,
812,Sincere,Russel,F,1996-10-21,PE,139171,
491,Chelsi,Parisian,M,1987-02-24,PE,142266,
866,Nadine,Bednar,F,1978-08-26,PE,128460,
389,Skyla,Kris,M,1971-02-02,CA,149507,
808,Aleah,Bosco,M,1976-04-13,PE,67831,
269,Mabel,VonRueden,M,1979-01-21,PE,76933,
116,Dionte,Hettinger,,1995-09-21,,96590,
206,Ardell,Swift,F,1997-06-15,PE,146257,
89,Yuridia,Rodriguez,,1984-01-22,TE,129460,
686,Jedidiah,Carroll,M,1976-02-16,PE,124095,
429,Izetta,Keeling,M,1973-06-12,,138064,
235,Eugenie,Senger,M,1998-10-19,TE,125441,
450,Carrol,Little,M,1982-12-02,PE,75423,
714,Sylvan,Spinka,F,1985-11-09,PE,94445,
299,Alvin,Marvin,F,1989-07-21,,109310,
556,Kahlil,Glover,M,1983-02-19,TE,70487,
187,Audie,Weimann,F,1972-11-14,PE,118431,
24,Abbott,Rippin,F,1984-03-11,PE,93348,
350,Wanda,Cartwright,M,1981-09-09,PE,87829,
165,Bennett,Bahringer,M,1971-04-16,PE,66507,
643,Stella,Homenick,M,1975-09-29,PE,149108,
794,Daniel,Zboncak,M,1984-10-23,PE,97560,
274,Salina,Hammes,F,1979-04-16,TE,122286,
366,Jaimee,Ryan,M,1983-05-14,PE,65156,
552,Sydni,Rutherford,,1995-12-27,PE,123683,
997,Andrew,Schulist,F,1971-01-02,PE,101940,
376,Kyle,Ankunding,F,1980-08-31,PE,146364,
622,Marley,Okuneva,F,1978-10-27,PE,146836,
296,Isiah,Crist,,1984-10-12,CA,85347,
659,Tatyana,Cassin,M,1987-02-04,TE,62908,
511,Mace,Cormier,M,1993-05-29,PE,122923,
870,Jacquez,Gutmann,F,1979-01-20,TE,75846,
852,Alston,Bauch,,1979-12-04,PE,109846,
457,Kaelynn,Pollich,M,1995-12-02,CA,148552,
751,Brooke,Morar,F,1983-08-01,PE,126294,
132,Keira,Lubowitz,M,1986-01-27,PE,137921,
966,Donal,Fay,M,1998-05-27,CA,64259,
11,Buna,Connelly,M,1990-01-01,PE,148038,
691,Georgie,Friesen,F,1986-07-14,PE,125873,
346,Albertus,Littel,M,1994-03-06,,55958,
482,Rahn,Gusikowski,,1989-04-02,CA,124691,
707,Leesa,Friesen,M,1996-09-18,,80722,
110,Metta,Trantow,,1977-12-21,PE,122444,
606,Stafford,King,M,1996-12-12,,60367,
581,Tobi,Cummings,M,1990-10-07,TE,135521,
491,Cherelle,Waelchi,M,1982-07-05,PE,56568,
304,Iesha,Franecki,M,1975-07-16,TE,100401,
75,Donat,Ryan,M,1978-07-15,PE,88653,
483,Melissia,Strosin,F,1973-12-13,PE,100176,
892,Celestine,Walker,M,1972-10-12,CA,83549,
332,Alston,Grimes,M,1977-05-14,CA,118206,
447,Francies,Schoen,F,1993-11-04,PE,94327,
713,Kaci,Berge,,1990-03-22,PE,72666,
541,Claire,Kiehn,M,1976-12-07,PE,70316,
92,Love,Bode,F,1990-08-16,PE,101786,
587,Sherrie,Hudson,,1970-10-04,PE,145960,
766,Johathan,Cruickshank,M,1982-07-31,CA,130472,
85,Galilea,Waters,,1970-07-24,PE,135774,
667,Tasia,Nitzsche,F,1972-03-06,PE,117011,
138,Freddie,Emmerich,M,1987-12-19,,138387,
812,Kayley,Walker,,1981-08-13,,89921,
910,Violet,Metz,M,1978-03-09,CA,106724,
499,Cheyanne,Wiza,M,1995-03-08,PE,117399,
814,Jarrod,Williamson,F,1989-07-24,PE,126979,
762,Dolores,Trantow,F,1999-05-24,PE,117449,
377,Corry,Wehner,M,1984-04-08,PE,93686,
607,Taj,Cole,,1994-12-11,PE,92292,
160,Denice,Hayes,,1976-06-17,PE,115752,
112,Elease,Torp,F,1990-01-31,PE,89048,
87,Citlalli,Dach,F,1993-07-02,PE,133519,
880,Shelly,Konopelski,M,1990-05-28,PE,111792,
501,Raquan,Schmeler,F,1990-05-31,CA,137343,
447,Marin,Schowalter,,1981-10-23,CA,119484,
235,Melody,Farrell,M,1981-06-05,PE,89670,
894,Virgie,Bradtke,M,1994-10-06,PE,86863,
718,Lindy,Gottlieb,M,1994-02-25,PE,66430,
57,Odie,Veum,F,1988-07-23,,85210,
870,Dillan,Turcotte,M,1995-07-29,PE,68520,
71,Bobbie,Kessler,F,1970-09-03,TE,119641,
418,Doreen,Baumbach,F,1980-03-29,PE,55033,
707,Erling,Nienow,F,1970-12-31,,94938,
723,Williemae,Wilkinson,M,1987-10-22,PE,106398,
692,Val,Schmitt,M,1977-05-06,PE,132677,
712,Damian,Marvin,F,1975-05-21,PE,135791,
686,Charlsie,Hirthe,M,1975-08-15,PE,62393,
144,Tracey,Lebsack,F,1975-04-24,CA,72866,
656,Isabel,Hilpert,M,1977-03-01,CA,64781,
999,Maceo,Wisoky,M,1983-11-12,PE,142838,
606,Jonell,Frami,M,1989-03-30,PE,64124,
57,Shelli,Hettinger,,1976-09-18,PE,95690,
692,London,Denesik,M,1992-01-05,CA,72160,
62,Ivonne,Langworth,F,1977-03-01,TE,132528,
515,Adelard,Abshire,F,1973-12-15,PE,66031,
419,Royal,Leffler,F,1998-12-18,PE,143991,
565,North,McLaughlin,F,1988-10-31,PE,128329,
573,Laverne,Schiller,F,1976-03-05,PE,131800,
398,Chase,Goyette,F,1982-12-16,CA,149717,
318,Makena,Heidenreich,M,1974-08-27,CA,95112,
606,Lorrie,Crist,F,1981-07-25,PE,111104,
364,Korbin,Ondricka,M,1981-12-19,TE,121109,
607,May,Doyle,F,1992-06-21,PE,65658,
222,Elodie,Heller,M,1998-06-15,PE,131562,
477,Nathaly,Adams,M,1974-01-29,PE,100052,
954,Margarite,Cassin,F,1981-07-10,PE,61076,
743,Zack,Kling,F,1981-11-21,PE,138431,
606,Vela,Lueilwitz,M,1979-11-13,TE,61581,
225,Michaela,Sanford,F,1976-05-05,PE,70382,
997,Brook,Turner,M,1990-06-21,,80734,
275,Moody,Fritsch,F,1992-10-02,PE,62066,
266,Giovani,Friesen,F,1980-03-26,CA,87001,
924,Takisha,Stanton,F,1996-06-19,PE,100116,
863,Eileen,Boyle,F,1995-05-25,CA,96924,
681,Triston,Yundt,F,1970-03-29,TE,86467,
942,Kaiya,Legros,,1986-10-15,,63683,
10,Saige,Casper,M,1990-08-03,,61597,
884,Pablo,Bogan,M,1989-11-03,,123759,
901,Lary,Krajcik,M,1993-08-30,PE,73623,
630,Iola,Hilpert,M,1974-12-01,,100923,
219,Vicente,Wiegand,M,1992-04-07,PE,67066,
476,Jerrilyn,Jakubowski,,1975-06-17,TE,88637,
597,Tessa,Howell,,1982-10-07,PE,83065,
500,Torrance,Hahn,,1994-06-13,PE,89393,
353,Gigi,Heathcote,,1997-01-26,PE,143397,
345,Jajuan,Leffler,M,1981-04-15,,92701,
261,Garey,Vandervort,F,1971-07-19,PE,67132,
624,Serenity,Senger,F,1993-04-19,TE,85681,
747,Vernia,Ritchie,M,1988-10-25,,70673,
762,Geary,Nienow,M,1980-11-03,PE,59300,
387,Iva,Green,F,1978-07-30,PE,67147,
824,Kami,Langworth,M,1996-08-22,PE,72960,
65,Faith,Becker,F,1992-12-16,PE,99575,
662,Sherwin,Witting,F,1977-05-01,PE,73338,
462,Penelope,Crona,M,1999-06-12,PE,80458,
341,Helena,Runte,,1996-12-09,PE,60112,
161,Zion,Cronin,,1991-09-30,PE,115523,
708,Opal,Koelpin,M,1975-02-21,PE,132691,
997,Agusta,Emmerich,M,1972-12-05,PE,114085,
687,Christa,King,F,1994-03-25,CA,128960,
213,Lyn,Bechtelar,F,1990-04-27,TE,104808,
544,Karol,Parisian,M,1992-06-01,TE,99501,
553,Brandi,Klein,F,1976-10-19,PE,71013,
885,Elvis,Medhurst,F,1987-08-25,CA,141046,
799,Clemens,Heathcote,F,1985-08-15,PE,107976,
846,Cleo,O'Kon,M,1974-12-22,PE,108288,
302,Vernell,Schmidt,F,1983-08-08,,123021,
878,Monnie,Mante,F,1997-06-29,TE,91829,
33,Brittnay,Yundt,,1984-09-30,PE,70648,
866,Corinna,Parker,F,1985-03-04,CA,84403,
90,Greyson,Bruen,F,1972-10-30,CA,144889,
801,Kazuko,Bechtelar,,1995-04-03,PE,97902,
645,Kayley,Predovic,F,1973-05-20,,108400,
464,Texanna,Rohan,F,1997-09-09,PE,140536,
739,Camille,Renner,,1988-01-07,,121689,
586,Arianna,Gorczany,F,1973-10-15,,87397,
148,Celeste,Bernhard,M,1973-04-24,CA,76386,
957,Nettie,Monahan,,1998-07-06,PE,91047,
353,Annika,Runte,M,1992-07-24,,62438,
328,Otha,Keebler,F,1990-02-04,PE,141310,
446,Jan,Fahey,M,1987-10-25,PE,144382,
583,Wally,Cremin,F,1978-12-04,PE,110306,
143,Miranda,Hagenes,M,1980-04-21,TE,68804,
326,Mandy,Greenfelder,,1995-11-16,PE,79047,
449,Tyquan,Sanford,F,1982-09-10,,111819,
806,Clair,Stokes,M,1978-08-31,PE,76691,
846,Rutha,Emmerich,F,1993-12-16,CA,73547,
360,Claud,Schultz,,1971-12-04,PE,73087,
492,Claudine,O'Conner,,1994-07-12,,61888,
430,Joseph,Reynolds,M,1977-12-28,PE,97293,
476,Lamonte,Rolfson,M,1979-09-27,PE,68661,
12,Alesia,Hirthe,M,1979-04-21,PE,126664,
395,Abie,Kuhn,F,1981-09-13,PE,109730,
631,Becky,Murazik,F,1987-03-26,PE,112854,
80,Zelpha,White,M,1999-12-07,PE,84398,
517,Alice,Doyle,M,1998-08-01,PE,119391,
617,Rickey,Aufderhar,,1994-12-27,PE,139864,
387,Jalen,Waters,F,1980-09-22,PE,118124,
782,Harmony,Witting,M,1987-11-06,PE,91591,
386,Delmas,Daugherty,,1997-02-13,,69926,
541,Ruth,Eichmann,,1973-03-19,,98816,
682,Shawanda,Harber,F,1990-01-29,PE,130551,
8,Paola,Kilback,F,1981-11-09,PE,61536,
374,Birt,Farrell,F,1971-08-31,PE,86943,
362,Janyce,Yundt,F,1983-01-18,PE,82091,
372,Mauricio,Bergnaum,F,1975-07-25,CA,140239,
445,Darrius,Roberts,,1977-01-21,PE,56414,
607,Garvin,Hermann,,1988-11-21,PE,138378,
984,Felicity,Renner,M,1978-08-14,PE,81751,
762,Jerica,Sauer,M,1982-03-12,,120954,
615,Kyleigh,Rutherford,F,1997-12-12,PE,67230,
270,Loula,Hahn,F,1998-09-23,PE,107869,
817,Lacey,Dickens,F,1971-07-23,,96147,
456,Denine,Crona,M,1981-10-29,PE,105854,
765,Hildur,Marvin,,1989-01-10,PE,120225,
428,Salomon,Carter,M,1987-05-30,,96431,
951,Emery,Steuber,M,1988-02-09,,77892,
289,Uriah,Bashirian,M,1974-03-22,PE,102185,
705,Kathyrn,Balistreri,F,1999-03-06,PE,68773,
37,Jolette,Marks,M,1977-10-12,,132173,
185,Wally,Hirthe,M,1991-07-20,PE,129998,
939,Kennard,Hintz,M,1988-06-12,PE,71052,
695,Mack,Nolan,F,1998-01-26,PE,121793,
288,Rubie,Hartmann,M,1996-09-06,PE,64643,
244,Helene,Medhurst,M,1982-08-13,PE,123711,
725,Nova,Klein,F,1973-12-28,PE,123331,
227,Leone,Upton,M,1988-03-08,CA,148436,
676,Jaelynn,Morissette,M,1981-01-24,,96862,
480,Jarrad,Schmitt,,1988-02-19,PE,126906,
251,Burnie,Marvin,,1998-02-16,PE,76057,
513,Devyn,O'Conner,M,1994-01-12,PE,130685,
281,Alston,Davis,F,1970-08-05,,123387,
216,Jazlyn,Davis,M,1994-04-11,CA,118945,
979,Emery,Conn,M,1995-10-23,PE,138214,
48,Ruffin,Medhurst,M,1994-11-13,PE,67369,
632,Sharonda,Doyle,M,1982-10-22,PE,71172,
793,Laurene,Kohler,M,1978-02-15,PE,121461,
967,Novella,Streich,,1992-06-05,PE,127460,
110,Benny,Jenkins,,1973-11-11,TE,86686,
310,Tolbert,Trantow,M,1994-09-07,PE,91941,
914,Tab,Zulauf,M,1991-06-15,PE,68168,
284,Francies,McGlynn,F,1991-05-05,PE,131460,
310,Sammy,Dickinson,F,1996-04-20,PE,136082,
509,Clemens,West,,1981-10-12,PE,134268,
520,Olan,Homenick,,1991-09-07,TE,148916,
282,Waymon,Bauch,M,1973-12-29,PE,118954,
721,Hasel,Leannon,M,1989-07-31,CA,121109,
424,Gaylon,Fadel,,1991-10-05,TE,64107,
277,Rosanne,Heathcote,F,1993-06-23,,67357,
475,Abe,Schultz,M,1994-11-15,CA,71706,
963,Bea,Lueilwitz,F,1988-01-16,PE,85676,
82,Rennie,Koch,M,1993-08-24,TE,132854,
400,Adonis,Kessler,M,1979-11-01,PE,86648,
627,Edwin,Abbott,M,1979-12-21,,139549,
317,Arthur,Beatty,M,1974-07-04,,89660,
126,Ulises,Nicolas,F,1995-04-30,PE,134165,
673,Demian,Barrows,F,1980-07-29,PE,74930,
818,Racheal,Funk,M,1988-01-23,PE,120223,
509,Kendall,Harvey,M,1975-10-18,CA,142874,
313,Danette,Ward,,1987-07-30,TE,129422,
392,Karma,Shields,F,1983-07-16,TE,103352,
632,Linette,Mante,,1997-05-27,PE,146708,
303,Martell,Kassulke,,1972-02-20,TE,127189,
82,Gwyneth,Prosacco,,1995-09-13,PE,55602,
928,Domenico,Howe,,1973-01-19,PE,136394,
318,Bev,Schuster,F,1981-06-23,PE,69093,
160,Zita,Hermiston,M,1997-04-29,PE,128330,
672,Fannie,Lemke,M,1990-09-04,PE,85872,
548,Francine,Mayer,M,1997-02-17,PE,80200,
733,Lilla,Blanda,,1978-11-14,PE,66934,
21,Elaine,Barrows,M,1983-06-08,PE,59553,
428,Marylee,Schimmel,F,1998-06-29,PE,98535,
109,Joselyn,Schmeler,M,1970-06-23,PE,84979,
66,Savilla,Bernier,F,1974-07-16,PE,122832,
184,Sheree,Morar,M,1997-03-22,CA,86222,
366,June,Hamill,,1981-02-04,TE,74381,
410,Johan,Haag,F,1975-06-08,PE,118838,
277,Bliss,Abshire,F,1985-08-20,PE,106218,
489,Karma,Herman,F,1994-12-22,PE,111818,
368,Celia,Konopelski,F,1986-01-08,PE,61724,
826,Braydon,Ritchie,F,1995-05-17,PE,60911,
514,Mickey,Pagac,F,1984-05-23,CA,133279,
177,Carmelita,Bednar,M,1997-02-22,,71107,
438,Gracelyn,Friesen,M,1974-08-07,PE,73455,
263,Lorrayne,Volkman,M,1988-11-13,TE,121555,
779,Codey,Nitzsche,F,1981-06-18,CA,85500,
631,Milan,O'Conner,M,1975-07-01,,116626,
108,Myrta,Kuvalis,M,1990-01-24,PE,106103,
208,Minerva,Sawayn,M,1979-08-09,CA,139741,
634,Corina,Schowalter,,1974-03-02,PE,91252,
575,Qiana,Gutkowski,,1971-10-25,PE,115611,
789,Reid,Tromp,M,1990-08-20,,136597,
981,Keanna,Nicolas,F,1994-05-08,PE,64265,
76,Wilhelm,Halvorson,M,1984-06-18,,56856,
627,Alphonsine,Bode,F,1978-07-13,PE,72830,
484,Aryana,Hammes,M,1973-06-19,PE,93551,
193,Imanol,Streich,M,1974-09-30,PE,76056,
570,Corda,Lowe,,1979-04-18,,70581,
983,Rosendo,Rau,F,1987-11-06,PE,80392,
473,Misti,Hammes,M,1970-05-14,,117924,
744,Ivory,Mante,M,1984-09-04,CA,81133,
34,Aimee,Sauer,M,1992-11-18,CA,125785,
99,Austin,Hahn,F,1975-05-01,,88848,
257,Vergie,Tremblay,F,1987-12-09,CA,149999,
142,Ashby,Waelchi,F,1985-08-12,,119416,
172,Medora,Wisoky,M,1994-09-13,PE,113470,
924,Ocie,Lakin,M,1970-12-09,TE,71623,
632,Josephus,Collier,M,1986-11-13,,103524,
267,Karlee,Labadie,M,1975-11-17,PE,108276,
391,Raekwon,Kuhn,F,1972-02-06,CA,149482,
673,Haleigh,Herzog,M,1994-07-24,,115672,
472,Johny,Volkman,M,1998-07-25,PE,143599,
438,Blanchard,Ryan,M,1997-01-15,PE,138655,
222,Yaakov,Skiles,,1988-05-17,,134281,
335,Antionette,Morar,,1973-09-13,,76351,
535,Armani,McClure,F,1973-06-20,TE,110082,
46,Nevada,Kunde,F,1986-05-10,PE,112824,
824,Brendan,Block,F,1996-10-10,TE,123597,
47,Deasia,Herzog,M,1972-08-15,CA,102541,
398,Alene,Kuvalis,F,1973-10-11,PE,103230,
498,Christion,Jones,,1987-10-20,CA,119208,
717,Helyn,Fadel,F,1985-09-05,PE,70770,
805,Blanche,Abernathy,,1989-06-25,PE,77772,
983,Gerald,Pfeffer,M,1999-03-25,CA,97350,
919,Carter,Howe,F,1978-08-12,PE,109318,
353,Hayden,Koepp,F,1991-01-01,PE,119933,
900,Encarnacion,Hand,,1977-06-11,PE,77769,
835,Vikki,Schiller,M,1984-10-31,PE,72145,
758,Avis,Hayes,M,1987-02-01,,67180,
108,Meryl,Wunsch,M,1999-11-04,TE,73793,
900,Talmage,Kirlin,F,1977-02-07,TE,118016,
297,Clemmie,Crist,M,1988-04-24,CA,67216,
837,Nikhil,Lemke,F,1982-06-06,PE,109382,
413,Keeley,Conroy,F,1970-01-17,PE,55726,
791,Asia,Hane,F,1995-12-20,,110038,
551,Arden,Hoeger,F,1988-04-25,,89713,
175,Melton,Sporer,,1994-11-24,CA,115644,
344,Elyse,Stroman,F,1975-01-24,PE,107074,
94,Samara,Erdman,F,1991-10-29,PE,119930,
188,Gracie,Shanahan,M,1992-09-21,PE,61106,
867,Greta,Dickinson,F,1990-04-29,PE,81093,
291,Solomon,Ziemann,M,1975-05-30,,86358,
273,Davis,Price,,1990-03-17,PE,81471,
744,Viridiana,Beahan,F,1986-03-29,PE,142546,
961,Meryl,Hammes,F,1974-03-31,,145884,
570,Chimere,Wunsch,F,1997-08-13,PE,94717,
453,Lucretia,Mante,F,1976-10-24,PE,98550,
446,Kristian,Heidenreich,F,1975-07-11,PE,146795,
358,Payton,Homenick,,1994-03-02,,59924,
270,Rigoberto,Swift,,1986-12-27,PE,133069,
348,Tiffanie,Hessel,F,1987-03-09,PE,64381,
410,Emeline,Jast,M,1994-12-08,PE,129714,
343,Eldred,Hahn,M,1998-09-02,PE,146067,
204,Selah,Pfeffer,,1991-04-20,,90609,
866,Park,Harber,M,1989-12-23,PE,94897,
116,Eboni,Feest,M,1981-06-13,,140226,
520,Inga,Boehm,M,1976-05-08,PE,129020,
198,Acy,Paucek,M,1992-11-17,,146126,
937,Rylan,Stroman,M,1971-06-24,PE,141575,
675,Madden,Hessel,M,1978-08-21,PE,137376,
50,Lavada,Schmidt,M,1987-05-15,,101898,
784,Julisa,Murazik,,1987-09-30,PE,75235,
554,Denisha,Price,M,1999-06-21,PE,87662,
941,Jose,Breitenberg,F,1985-07-02,,142567,
889,Hollie,Muller,,1973-04-04,CA,116101,
327,Renea,Erdman,M,1986-08-03,PE,64245,
847,Dequan,Brown,,1986-05-29,PE,119370,
512,Sybilla,Kreiger,M,1981-09-20,PE,89122,
163,Ester,Emmerich,M,1989-08-13,,134033,
98,Carmen,Macejkovic,,1987-06-13,PE,128497,
110,Julie,Wiegand,F,1982-05-24,PE,141991,
167,Nick,Little,M,1980-08-20,PE,103003,
326,Denton,Becker,F,1984-05-13,PE,60045,
351,Kurt,Nikolaus,F,1980-12-14,PE,101337,
352,Austin,Collins,,1991-01-12,,59530,
743,Katerina,Runolfsson,F,1990-07-05,PE,87137,
569,Fernanda,Anderson,,1973-11-11,PE,100056,
36,Ardell,Von,M,1989-03-03,CA,110429,
684,Ethelbert,Koch,F,1972-04-15,PE,124780,
84,Akeelah,Kris,M,1981-02-22,PE,123656,
157,Shana,Prosacco,,1973-11-01,PE,64181,
474,Carey,Harber,,1990-05-09,PE,140852,
12,Ursula,Wintheiser,M,1999-11-26,,135046,
124,Alaina,Hilpert,,1987-01-09,PE,62046,
12,Javion,Moore,M,1976-02-13,,137513,
427,Kelsey,Feil,F,1981-04-14,TE,122762,
414,Almeda,Murazik,M,1988-03-12,TE,134422,
237,Lauri,Hodkiewicz,,1975-05-09,,59596,
445,Octavia,Cormier,F,1978-03-21,,80301,
439,Esther,Cartwright,M,1998-09-14,,85697,
253,Margot,Connelly,F,1982-04-30,,75082,
558,Monroe,Pacocha,M,1986-08-22,PE,122011,
705,Elmo,Jacobson,M,1982-01-26,PE,104313,
208,Jedidiah,Zieme,,1999-10-20,CA,85879,
51,Berkley,Nader,M,1982-01-05,PE,69904,
36,Einar,Beier,F,1971-09-06,,113541,
780,Casen,Rowe,M,1990-04-22,,120179,
996,Linnie,Larson,F,1980-03-04,PE,92815,
366,Karel,McLaughlin,M,1984-05-14,TE,84829,
892,Theta,Kirlin,M,1975-08-29,PE,115004,
745,Anjanette,Marvin,F,1996-08-11,,74834,
537,Clarence,Kemmer,,1993-01-05,,89101,
98,Leroy,Kuhic,F,1992-12-18,CA,149322,
527,Aurora,Fritsch,M,1970-05-12,CA,132233,
780,Destiny,Kirlin,M,1994-09-30,CA,120558,
558,Miley,Kshlerin,M,1994-11-21,,66572,
797,Corinne,Becker,,1996-03-24,,121953,
130,Oney,Purdy,M,1976-12-20,PE,59579,
735,Davon,Conn,,1971-02-04,,126723,
490,Chace,Crist,F,1985-01-02,PE,71364,
971,Elvis,Bosco,,1977-03-07,PE,130542,
31,Jory,Waters,,1970-10-05,,80945,
285,Pennie,Goodwin,,1997-03-26,PE,76698,
609,Arbie,Wiza,,1993-12-07,PE,82997,
370,Theresa,Gulgowski,M,1975-01-10,,81277,
340,Osie,Bruen,M,1979-08-18,TE,85492,
160,Kelley,Stiedemann,,1977-09-14,PE,78564,
646,Nova,Predovic,,1997-01-25,PE,103012,
841,Annamarie,Blanda,M,1982-03-23,PE,106169,
39,Gilda,Gerlach,F,1987-06-25,PE,58922,
759,Selene,Grady,,1991-03-31,PE,139412,
520,Kasey,Christiansen,,1976-08-09,CA,121419,
635,Lolita,Kuvalis,F,1988-07-29,PE,140096,
753,Jayne,Blanda,M,1987-01-23,PE,92728,
245,Rico,Wilderman,M,1970-12-29,PE,73523,
177,Alena,Johns,M,1980-07-30,PE,64689,
668,Lorinda,Rogahn,,1991-10-20,PE,95436,
329,Elizabet,Dickinson,F,1985-03-13,CA,117526,
954,Carin,Prosacco,M,1987-06-24,TE,143630,
449,Eugenia,Will,F,1976-08-17,PE,66967,
457,Dorathy,Senger,M,1993-12-26,CA,64114,
522,Sannie,White,M,1975-05-13,,117537,
928,Ottis,Collier,M,1993-11-20,PE,109456,
702,Clella,Greenholt,,1994-06-01,PE,121203,
845,Candace,Predovic,M,1986-03-02,TE,98922,
232,Marland,Bayer,F,1991-04-10,TE,144022,
411,Brody,Hegmann,F,1978-04-22,PE,132509,
965,Sudie,Mayert,M,1994-08-27,,115256,
541,Madalyn,Dach,M,1979-07-11,PE,143222,
983,Randell,Dickens,M,1981-06-27,PE,98427,
260,Hillard,Aufderhar,,1985-01-21,PE,93850,
5,Carly,Ratke,M,1998-01-16,PE,88315,
953,Pleas,Flatley,M,1973-12-24,PE,72630,
600,Ewell,Hammes,M,1972-09-05,PE,119049,
462,Helena,Denesik,M,1975-01-15,PE,57771,
725,Corene,Boehm,M,1972-02-11,TE,76070,
520,Octavio,Emard,,1975-01-29,PE,133131,
279,Jarod,Jerde,,1979-01-30,PE,113984,
745,Tremaine,Stanton,F,1973-07-29,PE,115953,
154,Jiles,Osinski,M,1981-12-03,,59309,
854,Ama,Hilll,,1997-08-10,,98448,
729,Abril,Hansen,,1971-01-25,TE,66703,
745,Stephenie,White,M,1995-01-11,PE,109304,
847,Cory,Funk,F,1999-02-18,PE,80614,
749,Berneice,Wilkinson,M,1979-08-15,PE,91162,
777,Charlsie,Schuppe,,1976-03-24,PE,78911,
229,Octave,Grant,,1975-04-28,,69936,
176,Breonna,Schaefer,F,1982-06-28,PE,105640,
517,Ashley,Emard,F,1971-01-09,PE,149670,
163,Offie,Bernier,M,1983-12-18,PE,89910,
191,Denice,Hand,F,1994-10-29,TE,83935,
775,Verna,Kunze,F,1991-08-05,PE,100598,
191,Jacquez,Halvorson,F,1991-08-03,PE,55690,
211,Savon,Lubowitz,M,1972-11-11,PE,110521,
936,Freda,Dare,,1970-03-04,PE,97777,
769,Ardell,Carter,F,1993-07-09,TE,129321,
719,Leola,Schroeder,F,1972-12-31,PE,72369,
213,Willie,O'Keefe,F,1998-01-12,PE,124504,
242,Clemence,O'Connell,F,1984-06-24,PE,92830,
930,Joshuah,O'Keefe,M,1974-01-05,CA,142896,
141,Thurman,Bosco,F,1973-06-29,PE,130265,
813,Cyril,Fahey,M,1971-04-16,CA,146821,
227,Xiomara,Armstrong,,1996-07-29,PE,145164,
62,Jarred,Kilback,M,1990-03-28,PE,56123,
476,Claiborne,Lockman,F,1980-12-21,PE,87904,
801,Raven,Hammes,M,1988-06-20,,97382,
362,Woodson,Dietrich,,1992-05-31,PE,77757,
452,Brittaney,Wisoky,M,1974-02-03,PE,114863,
321,Lim,Schmitt,M,1974-02-19,CA,128365,
80,Adella,Hintz,F,1970-12-21,PE,116692,
466,Isom,Hartmann,,1986-07-28,TE,144872,
884,Nelly,Kiehn,F,1970-10-23,,59296,
188,,,,,,,
101,Delvin,Schuppe,M,1997-06-05,PE,62462,
720,Alfred,Wiza,F,1999-02-20,TE,61723,
73,Gregorio,Christiansen,M,1986-07-25,TE,112205,
599,Echo,Lowe,F,1984-12-29,PE,58458,
781,Romeo,Kohler,F,1970-09-30,CA,75400,
508,Ally,Turcotte,,1994-06-30,PE,130803,
415,Quintin,Halvorson,M,1976-06-07,,81527,
36,Lukas,Kunze,,1996-09-29,TE,139432,
584,Kymani,Erdman,,1989-05-13,TE,82247,
516,Sherrie,Parker,,1977-11-17,CA,115952,
277,Meta,Denesik,F,1971-12-21,PE,65794,
5,Christopher,D'Amore,F,1974-03-16,PE,103614,
790,Johnny,Wehner,F,1974-07-04,,72728,
21,Ezequiel,Baumbach,M,1992-12-19,PE,131575,
747,Charley,Hessel,M,1998-03-23,PE,90608,
137,Winston,Sipes,M,1998-05-22,PE,106134,
600,Lani,Lang,M,1974-07-06,,105188,
269,Kiya,Reynolds,F,1981-04-01,,100427,
222,Beckie,Welch,F,1983-05-13,,85858,
73,Brandon,Stokes,F,1980-01-23,,117282,
681,Kassie,Rogahn,F,1985-09-23,PE,110676,
459,Claiborne,Kuhn,F,1995-05-15,PE,58088,
710,Noreen,Bayer,M,1985-07-26,,131732,
814,Chaya,Zboncak,M,1989-05-16,PE,62362,
267,Eliot,Johnston,M,1979-10-27,PE,121358,
765,Kristen,Bechtelar,,1994-06-17,TE,95144,
666,Alysha,Greenholt,,1984-01-24,TE,141005,
910,Dereck,Jacobson,F,1977-01-27,,79325,
583,Mabel,O'Hara,F,1982-10-28,PE,136284,
985,Elba,Predovic,F,1990-08-17,PE,104396,
735,Lucius,Kautzer,F,1994-07-24,CA,77156,
947,Kirby,Schmitt,M,1970-01-19,PE,138064,
57,Jamin,Gerhold,M,1996-08-09,PE,114066,
866,Evonne,Conn,M,1992-09-21,PE,55730,
126,Redmond,Zieme,M,1979-04-06,CA,90315,
886,Ambers,Bergstrom,F,1975-04-26,,119200,
149,Sheilah,Hoeger,F,1990-12-11,PE,57102,
460,Erin,Schmidt,,1996-11-30,PE,107436,
928,West,Blanda,M,1999-08-21,PE,71422,
396,Rudolfo,Schumm,F,1987-08-06,CA,110232,
640,Clint,Feil,F,1975-12-18,PE,120068,
784,Duard,Reichert,F,1984-05-22,PE,146078,
254,Leonor,Reynolds,F,1989-04-09,CA,79301,
814,Laddie,Stroman,F,1996-01-11,PE,72613,
124,Edrie,Wilderman,F,1976-02-03,,117636,
873,Minta,Schmitt,F,1972-04-17,CA,108987,
337,Carlota,Ruecker,,1973-05-14,PE,141437,
147,Bryan,Schulist,M,1972-09-10,PE,146652,
889,Zechariah,Will,F,1977-06-27,PE,127310,
354,Levon,Reinger,F,1980-01-10,PE,100738,
980,Gisselle,Goodwin,M,1990-01-02,TE,136427,
328,Randal,Greenholt,F,1996-05-05,CA,121584,
207,True,Mante,M,1984-04-29,TE,84350,
517,Dinah,Ortiz,,1991-07-21,,129401,
281,Simon,Ortiz,F,1978-05-18,,67293,
390,Rosanne,Kihn,M,1990-01-02,PE,149941,
309,Beatriz,Brakus,,1974-07-12,TE,118988,
637,Iyanna,Bauch,F,1985-06-12,PE,117873,
217,Ryann,Mertz,M,1997-06-21,,83567,
480,Guss,Schultz,,1996-04-27,PE,95139,
690,Dejah,Mertz,F,1978-08-06,PE,113054,
492,Irl,Okuneva,M,1981-10-04,PE,58334,
126,Rayfield,Armstrong,,1974-01-16,PE,121744,
797,Oline,Bednar,F,1992-11-02,TE,121636,
679,Marie,Gibson,M,1982-03-22,,138310,
217,Adrian,Christiansen,F,1992-05-20,PE,118067,
775,Anfernee,Mitchell,F,1988-05-17,PE,92425,
599,Joshuah,Walker,F,1982-04-12,TE,127064,
908,Angella,Stanton,F,1995-08-02,,104029,
824,Mathilda,Cormier,F,1978-08-07,TE,140012,
698,Elvis,Kunze,M,1979-06-19,PE,138143,
841,Sarai,Heidenreich,F,1983-03-08,PE,76742,
54,Keandre,Herzog,M,1991-06-27,PE,133885,
818,Mikeal,Deckow,M,1970-12-05,TE,99191,
792,Akeem,Mann,F,1974-11-26,PE,120863,
906,Augustin,Bins,,1987-06-27,PE,136597,
751,Eric,Gislason,,1984-10-29,TE,70713,
43,Montel,Kunde,F,1996-07-29,CA,105292,
628,Lucretia,Shanahan,,1983-07-02,CA,128515,
749,Drake,Conroy,F,1988-11-28,TE,146475,
134,Seth,Schuppe,,1986-11-23,,148986,
623,Tyrique,Gusikowski,F,1971-02-10,PE,145009,
430,Stephan,Streich,,1995-02-08,PE,80348,
490,Beula,Koss,F,1971-04-29,,77730,
669,Evaline,Bashirian,,1988-12-20,PE,108479,
920,Devan,Harris,M,1972-09-26,PE,124033,
291,Berneice,Powlowski,,1980-11-25,PE,146171,
363,Moody,Padberg,F,1996-06-27,PE,117535,
378,Jeannine,Hyatt,,1970-11-18,PE,126739,
710,Jaycee,Koss,M,1971-10-15,TE,147143,
151,Truman,Hansen,M,1999-01-15,PE,108002,
994,Gertie,Veum,M,1994-11-16,,78682,
430,Octavia,Schaefer,,1971-02-23,TE,119608,
185,Thomas,Leffler,M,1991-01-27,PE,96328,
222,Caddie,Toy,F,1986-12-16,PE,74409,
921,Kory,Luettgen,M,1993-04-28,PE,70790,
218,Kaiden,Hayes,,1975-04-06,CA,143624,
666,Ross,Konopelski,F,1999-05-30,,87013,
809,Milas,Williamson,F,1977-11-02,PE,93584,
233,Leo,Bartell,,1995-07-07,PE,74990,
607,Stuart,Cronin,F,1971-11-18,,128312,
780,Elaine,Von,M,1972-07-06,PE,63224,
542,Casimer,Reynolds,M,1980-01-06,PE,76821,
75,Kayson,Towne,F,1980-11-08,TE,68757,
166,Ailene,Bradtke,M,1977-10-27,TE,126848,
780,Hailey,Luettgen,M,1979-02-25,PE,64791,
660,Rebekah,Ullrich,F,1986-12-04,,118321,
590,Santana,Jones,F,1999-03-09,TE,85004,
214,Debbie,Bayer,F,1983-12-31,PE,140985,
34,Danyel,Considine,F,1973-05-05,PE,61059,
79,Dorsey,Zemlak,M,1988-10-30,,72049,
590,Deidre,Graham,F,1984-02-18,,85806,
233,Bryce,Beatty,M,1970-12-15,CA,57111,
860,Tera,Glover,M,1972-04-07,TE,123495,
731,Abraham,Botsford,M,1990-06-01,,80828,
189,Clarke,Block,,1982-07-10,PE,80576,
668,Karrie,Prosacco,F,1970-12-23,PE,119203,
160,Daniele,Kassulke,M,1989-04-28,PE,138123,
56,Seth,Rippin,M,1976-04-11,PE,148561,
406,Vida,Hintz,F,1971-10-28,PE,121373,
91,Glennis,Abshire,M,1992-01-19,,104223,
743,Dessa,Crona,F,1975-04-06,,60560,
767,Joshua,Renner,M,1979-02-26,PE,109423,
88,Tempie,Heller,F,1983-07-10,PE,141141,
419,Tari,Waelchi,F,1998-10-08,PE,84696,
724,Gunnar,Prosacco,M,1979-01-26,PE,126024,
607,Alto,Wisozk,F,1975-01-11,PE,136728,
792,Nanci,Schuppe,F,1989-12-30,PE,56949,
367,Kerwin,Purdy,,1979-01-03,PE,55215,
835,Olar,Pagac,M,1997-02-15,,93548,
260,Karley,Hahn,M,1984-08-24,PE,134543,
772,Linsey,Grant,F,1974-11-11,PE,73168,
36,Callie,Lesch,M,1992-10-04,,66278,
699,Gloria,Treutel,F,1995-12-16,PE,100276,
544,Henrietta,Greenholt,,1977-04-06,PE,93206,
931,Sommer,Johnston,F,1972-11-24,PE,95217,
995,Diamond,Corkery,M,1974-05-25,PE,132008,
893,Cheyenne,Schroeder,M,1972-02-21,CA,126051,
301,Jimmie,Wisoky,F,1982-03-15,PE,55945,
95,Jase,Dibbert,M,1972-12-03,PE,146698,
819,Jed,Casper,,1998-04-21,CA,98343,
137,Rosco,Lynch,,1989-06-20,PE,103499,
562,Alpheus,Mayer,F,1977-01-25,PE,83631,
385,Marina,Stark,M,1995-02-19,TE,98078,
97,Jonnie,McDermott,M,1980-07-13,CA,100740,
916,Jerrad,Orn,,1976-12-15,PE,142640,
762,Fitzgerald,Welch,M,1991-04-11,CA,88134,
308,Elberta,Harvey,F,1988-12-29,PE,146691,
799,Valentino,Hudson,M,1988-09-16,PE,98463,
606,Patty,Swift,F,1987-12-26,CA,126589,
712,Dann,Crooks,,1983-12-25,CA,66592,
132,Maxim,Orn,M,1971-03-01,CA,127966,
126,Kimberli,Walter,M,1976-03-07,CA,60712,
277,Talmage,Bartell,F,1989-02-19,PE,103606,
960,Laurie,Nienow,M,1993-04-01,PE,127405,
