,number,first_name,last_name,gender,birth_date,employment_status,annual_salary,tax_file_no
0,483,Lenord,Kihn,M,1994-07-01,,64598.0,
1,478,Palma,Beahan,F,1972-05-06,PE,124103.0,
2,348,Hebert,Muller,M,1990-09-04,PE,100324.0,
3,757,Virginia,Ullrich,M,1991-09-23,PE,144957.0,
4,937,Roby,Hudson,M,1997-01-15,,137659.0,
5,264,Jaeda,Effertz,,1994-03-21,PE,131924.0,
6,165,Jalissa,Bogisich,F,1974-01-07,PE,101133.0,
7,211,Lexie,Robel,M,1997-09-05,,106595.0,
8,510,Billy,Reilly,M,1977-04-30,,75300.0,
9,940,Marlana,Moen,F,1979-05-05,CA,140611.0,
10,175,Aja,Lynch,M,1986-08-21,PE,69271.0,
11,772,Jabez,McLaughlin,M,1971-01-12,PE,141535.0,
12,950,Adrienne,Stokes,F,1982-07-28,CA,97453.0,
13,906,Florene,O'Connell,M,1979-04-03,PE,133971.0,
14,325,Migdalia,Sauer,M,1992-08-24,PE,144271.0,
15,194,Ace,Upton,,1987-08-25,PE,120120.0,
16,493,Jelani,Quitzon,M,1991-03-20,PE,93442.0,
17,901,Nikki,D'Amore,,1985-08-09,CA,108287.0,
18,712,Yahir,Kertzmann,F,1970-10-27,,95140.0,
19,936,Marsha,Ledner,F,1982-12-23,PE,143806.0,
20,327,Amarion,Larkin,M,1987-06-28,PE,145321.0,
21,431,Maynard,Zieme,,1982-10-12,PE,76354.0,
22,542,Mat,Nienow,F,1995-06-14,,141463.0,
23,78,Brannon,Goldner,F,1985-04-09,PE,72290.0,
24,90,Zilpha,Kreiger,F,1980-07-21,,91584.0,
25,855,Carla,Witting,F,1977-02-07,PE,96996.0,
26,621,Saint,Hayes,F,1993-08-09,,128053.0,
27,948,Gerry,Kunze,F,1990-11-21,,110341.0,
28,232,Urijah,McClure,F,1971-04-29,TE,105555.0,
29,377,Malcolm,Schmitt,M,1974-03-30,PE,59482.0,
30,458,Desmond,Pfeffer,F,1970-04-07,CA,72361.0,
31,171,Hope,Zboncak,F,1989-07-18,PE,109051.0,
32,163,January,Balistreri,F,1995-10-26,,63802.0,
33,409,Brionna,Block,F,1973-04-17,,55607.0,
34,88,Zain,Franecki,F,1972-11-03,PE,141171.0,
35,927,Jaelynn,Corkery,F,1999-10-21,PE,136524.0,
36,397,Millicent,Moen,M,1983-03-15,PE,116407.0,
37,289,Jeryl,Lesch,F,1971-05-24,PE,144888.0,
38,307,Percival,Flatley,F,1982-12-11,PE,67961.0,
39,982,Riley,Orn,,1978-01-09,PE,82041.0,
40,679,Katelin,Huels,M,1996-12-17,PE,65039.0,
41,700,Jaiden,Hirthe,M,1970-09-26,CA,62770.0,
42,911,Hildred,McKenzie,M,1970-03-23,PE,98515.0,
43,428,Mansfield,Mosciski,,1986-03-22,PE,135099.0,
44,609,Alana,Gaylord,F,1976-10-27,,71825.0,
45,442,Kyrie,Sanford,M,1992-04-15,PE,75514.0,
46,238,Addison,Sanford,,1977-09-20,CA,111234.0,
47,969,Marget,West,M,1979-10-11,PE,79230.0,
48,245,Gladis,Yost,,1996-12-30,PE,74821.0,
49,72,Laisha,Collier,F,1981-10-23,PE,131899.0,
50,829,Shade,Runte,M,1991-11-08,PE,56935.0,
51,900,Kate,Blick,F,1975-05-10,CA,90927.0,
52,586,Barton,Stokes,F,1991-05-10,PE,97214.0,
53,482,Anibal,Dare,M,1986-05-23,TE,149219.0,
54,932,Lucia,Bogan,M,1994-10-27,PE,137985.0,
55,337,Omar,Beier,M,1977-01-22,,125879.0,
56,561,Kari,Conn,F,1980-01-19,,58570.0,
57,22,Rashawn,Wyman,M,1995-05-06,,56155.0,
58,357,Darby,Herzog,M,1980-05-24,CA,72575.0,
59,990,Maryellen,Stanton,,1993-09-26,PE,80038.0,
60,151,Ephram,Lindgren,M,1994-12-10,CA,130053.0,
61,629,Broderick,Mills,F,1986-04-25,PE,104727.0,
62,725,Lance,Ratke,M,1979-08-03,PE,84832.0,
63,349,Kamora,Bednar,,1988-07-24,PE,72137.0,
64,241,Jaclyn,O'Connell,F,1993-01-30,PE,126787.0,
65,845,Kayleen,Hodkiewicz,F,1986-05-29,,58755.0,
66,194,Trilby,Hartmann,F,1979-01-11,PE,118209.0,
67,429,Ernie,Harber,M,1997-10-15,PE,70102.0,
68,38,Duke,Krajcik,M,1977-09-29,PE,136383.0,
69,687,Columbia,Pacocha,F,1994-10-04,PE,129147.0,
70,928,Furman,Kiehn,F,1974-01-03,,59444.0,
71,914,Phylicia,Gerlach,,1996-12-18,CA,146603.0,
72,840,Vassie,Turcotte,F,1999-05-22,PE,138513.0,
73,655,Trey,Conn,F,1978-04-21,PE,118809.0,
74,143,Ilo,Mohr,F,1985-01-08,PE,106096.0,
75,309,Wilfred,Willms,M,1998-07-19,,108311.0,
76,638,Crockett,Zieme,,1978-08-25,PE,86551.0,
77,156,Armstead,O'Kon,F,1984-08-07,PE,75042.0,
78,516,Chuck,Watsica,M,1984-02-24,,135153.0,
79,138,Nannette,Wintheiser,,1985-10-05,PE,124371.0,
80,845,Shellie,Zboncak,M,1988-08-27,PE,80332.0,
81,312,Rylie,Bode,M,1978-03-05,PE,146229.0,
82,971,Phebe,Turcotte,F,1988-08-07,,141422.0,
83,420,Judi,Daugherty,F,1980-07-23,PE,56124.0,
84,442,Lavon,Kunze,M,1991-05-29,PE,86608.0,
85,745,Norine,Bode,,1994-10-02,,112224.0,
86,592,Camisha,Casper,,1994-07-02,,59113.0,
87,144,Stanford,Roberts,,1996-11-14,PE,147941.0,
88,850,Jeffry,Kreiger,M,1983-04-07,PE,79429.0,
89,754,Elige,Rempel,M,1976-12-11,PE,84343.0,
90,444,Justus,Ullrich,M,1981-01-17,TE,90633.0,
91,657,Juana,Russel,F,1991-07-08,,142237.0,
92,835,Zelia,Lakin,M,1989-07-02,CA,125912.0,
93,503,Socorro,Barrows,M,1976-08-06,PE,135162.0,
94,287,Jory,Tromp,F,1985-06-06,PE,133805.0,
95,463,Ellison,Bednar,F,1984-03-10,PE,81377.0,
96,355,Theodis,Ruecker,F,1990-06-28,PE,126923.0,
97,829,Halley,Armstrong,M,1972-07-15,PE,96508.0,
98,130,Merwin,O'Keefe,,1981-09-07,TE,95193.0,
99,185,Quint,Halvorson,M,1978-11-24,TE,56029.0,
100,527,Terrance,Schroeder,F,1989-06-02,PE,76154.0,
101,850,Darryle,Stracke,,1978-06-03,TE,77865.0,
102,763,Effa,Senger,F,1974-07-24,TE,143664.0,
103,45,Tilman,Welch,F,1973-05-24,PE,114153.0,
104,45,Manilla,Daniel,M,1980-07-06,,89318.0,
105,88,Gustie,Feest,M,1976-12-29,PE,130311.0,
106,202,Brandon,Yost,F,1993-01-22,PE,84858.0,
107,327,Byrd,Wintheiser,M,1983-11-01,PE,62026.0,
108,373,Alize,Murazik,F,1972-04-08,,119571.0,
109,663,Rae,Wolf,,1998-01-13,,98996.0,
110,102,Ramona,Reichert,F,1977-02-26,PE,116332.0,
111,249,Elmer,Reichert,M,1978-04-09,PE,84094.0,
112,958,Chantel,Shanahan,M,1992-05-22,PE,72408.0,
113,293,Rob,Hagenes,M,1997-01-27,TE,73762.0,
114,221,Devonte,Erdman,M,1985-09-15,PE,59567.0,
115,105,Lucetta,Kemmer,M,1980-03-22,PE,72335.0,
116,387,Ellsworth,Carter,M,1979-07-24,TE,138540.0,
117,443,Tristin,Shields,F,1980-08-25,PE,97981.0,
118,683,Wesley,Wiza,F,1989-06-07,PE,68935.0,
119,144,Gavin,Kuhic,M,1985-09-20,PE,132542.0,
120,583,Camila,Tillman,M,1977-04-03,PE,99941.0,
121,504,Dorla,Stark,M,1998-08-14,,134767.0,
122,937,Emeline,Klocko,F,1975-05-29,PE,68156.0,
123,455,Isamar,Grimes,M,1991-10-10,TE,113122.0,
124,303,Dennis,Cole,M,1993-04-16,,147018.0,
125,66,Ott,Huels,M,1991-07-17,,106909.0,
126,813,Rudolf,Paucek,F,1972-03-07,,110663.0,
127,51,Fleda,Botsford,M,1989-01-14,PE,77949.0,
128,648,Luella,Tromp,M,1970-01-24,PE,55559.0,
129,911,Landen,Predovic,F,1988-06-21,CA,125038.0,
130,991,Malvina,Cole,F,1971-09-25,PE,66400.0,
131,301,Garrison,Schulist,M,1982-10-14,PE,109871.0,
132,622,Dakotah,Kirlin,M,1976-11-05,PE,93349.0,
133,104,Cephus,Botsford,M,1986-09-11,PE,84377.0,
134,31,Syreeta,Altenwerth,M,1999-08-28,PE,117554.0,
135,828,Magdalena,Reichert,M,1993-09-02,PE,55366.0,
136,728,Matie,Lubowitz,F,1984-04-27,PE,119788.0,
137,763,Kiara,Gerlach,M,1984-11-26,,108015.0,
138,360,Jasmin,Willms,F,1982-08-27,PE,126649.0,
139,483,Desirae,Frami,F,1982-07-08,PE,105702.0,
140,1,Kitty,Ruecker,F,1976-07-24,PE,90613.0,
141,512,Cordell,Rempel,F,1995-04-10,PE,120924.0,
142,41,Gladyce,Kovacek,F,1993-05-24,PE,110498.0,
143,102,Stacey,Rice,F,1975-02-13,TE,109856.0,
144,64,Marcello,Yost,M,1995-04-15,PE,59985.0,
145,569,Angella,Harvey,F,1988-01-21,CA,77758.0,
146,610,Sidney,Johnson,F,1990-12-12,PE,141549.0,
147,12,Efrain,Harber,,1995-01-26,,57029.0,
148,709,Loula,Botsford,F,1995-01-19,,100518.0,
149,196,Ebb,Thiel,M,1982-10-19,PE,142036.0,
150,486,Gorden,Vandervort,F,1977-10-25,PE,147202.0,
151,350,Maci,Hilll,F,1996-11-23,,124359.0,
152,222,Goldia,Kulas,F,1977-09-22,PE,145125.0,
153,446,Warren,Corkery,F,1990-02-09,PE,70914.0,
154,290,Frieda,Barrows,M,1981-09-27,PE,130890.0,
155,784,Vernie,Mann,,1994-01-02,,92651.0,
156,360,Myles,Ritchie,M,1979-01-19,,69366.0,
157,686,Harvy,Schmeler,,1982-05-16,PE,136674.0,
158,430,Jaylynn,Kerluke,M,1997-10-09,PE,130936.0,
159,867,Vicente,Veum,,1971-04-14,PE,98806.0,
160,921,Odis,Stracke,,1982-05-06,TE,86325.0,
161,898,Kristie,Ullrich,,1989-10-11,PE,108635.0,
162,505,Lue,Von,F,1986-12-10,PE,119230.0,
163,407,Baylie,Conroy,M,1988-06-17,TE,125274.0,
164,951,Farris,Hirthe,M,1986-12-10,,74274.0,
165,194,Travon,Schmitt,M,1999-12-07,CA,112990.0,
166,132,Esmeralda,Nolan,F,1996-11-03,PE,57474.0,
167,885,Barnett,Schneider,M,1980-05-29,PE,55153.0,
168,261,Harley,Conn,M,1983-10-24,PE,98869.0,
169,95,Hilah,Thompson,,1984-05-06,TE,103413.0,
170,141,Bayard,Bartoletti,M,1990-11-21,CA,115560.0,
171,215,Pasquale,Boyle,M,1971-04-09,CA,132888.0,
172,174,Devin,Reynolds,,1991-01-15,TE,56817.0,
173,137,Colette,Franecki,,1990-06-02,PE,127923.0,
174,525,Semaj,Rowe,M,1970-07-07,PE,89280.0,
175,769,Madaline,Hammes,F,1974-05-24,,66521.0,
176,610,Americo,Hyatt,M,1985-09-23,PE,148119.0,
177,875,Selmer,Vandervort,,1981-01-10,TE,116517.0,
178,410,Orren,Berge,,1997-04-26,TE,132390.0,
179,760,Durwood,Prosacco,M,1980-08-31,CA,114870.0,
180,235,Lakendra,Ruecker,,1973-10-01,PE,73881.0,
181,946,Mustafa,Kreiger,F,1983-03-11,PE,125503.0,
182,771,Ryleigh,Waters,,1975-05-11,PE,96238.0,
183,236,Boyd,Hirthe,,1986-12-29,PE,73884.0,
184,850,Arnulfo,Dickens,F,1995-11-16,PE,135303.0,
185,728,Carmel,Shields,F,1996-01-08,PE,81050.0,
186,626,Uriah,Schmidt,,1997-12-08,PE,88767.0,
187,493,Manda,McKenzie,F,1989-10-07,PE,59627.0,
188,424,Oland,Bradtke,M,1972-07-07,PE,96697.0,
189,540,Elisha,Haag,,1984-01-25,PE,74124.0,
190,167,Harmony,Welch,,1991-07-18,PE,83793.0,
191,54,Clovis,Romaguera,F,1992-03-14,PE,94327.0,
192,514,Kenny,Shields,M,1996-11-30,PE,133041.0,
193,333,Gidget,Champlin,M,1975-04-28,PE,57584.0,
194,757,Leota,O'Keefe,M,1994-01-02,,97408.0,
195,672,Sedrick,Waelchi,F,1975-04-19,TE,92351.0,
196,885,Estela,Smitham,F,1992-04-06,PE,123140.0,
197,135,Aletha,Konopelski,,1984-01-18,PE,60778.0,
198,217,Alec,Spinka,M,1993-07-11,PE,62865.0,
199,94,Davonta,Hoppe,M,1973-09-22,CA,132089.0,
200,384,Felecia,Bednar,M,1996-03-23,,106510.0,
201,536,Edmund,Champlin,F,1978-05-27,PE,117105.0,
202,428,Georgeann,Gislason,F,1991-07-26,CA,133563.0,
203,648,Reina,Roob,M,1994-05-11,,65167.0,
204,975,Evonne,McGlynn,,1989-11-23,TE,66660.0,
205,462,Doris,Effertz,M,1971-04-15,,89444.0,
206,332,Kazuko,Abbott,F,1990-02-07,PE,58642.0,
207,19,Jalen,Considine,F,1987-12-09,,110155.0,
208,531,Sky,Schowalter,F,1978-06-17,,68018.0,
209,232,Gaither,Jakubowski,,1987-10-10,PE,65128.0,
210,530,Sullivan,Mueller,F,1976-02-24,PE,114085.0,
211,763,Virginia,Heaney,F,1995-12-09,TE,110331.0,
212,93,Wells,Wyman,F,1975-07-29,,78807.0,
213,61,Florian,Beahan,,1978-02-03,PE,98027.0,
214,285,Merl,Wintheiser,,1980-01-30,PE,130592.0,
215,298,Edwina,Aufderhar,M,1989-09-08,PE,89080.0,
216,802,Hilton,Nienow,,1993-10-13,TE,75005.0,
217,172,Valentino,Borer,,1979-01-16,,103891.0,
218,945,Shanelle,Rolfson,F,1970-09-01,CA,140563.0,
219,426,Christop,Frami,M,1997-01-06,,56324.0,
220,945,Twila,Dickinson,F,1995-02-15,PE,65375.0,
221,286,Mickey,Hettinger,,1996-07-02,CA,79999.0,
222,272,Leonora,Kirlin,M,1987-10-06,PE,85853.0,
223,814,Kendall,Kilback,M,1984-09-05,PE,59078.0,
224,312,Osborne,Bayer,M,1990-08-13,PE,111836.0,
225,246,Alwilda,Lueilwitz,M,1999-07-10,PE,132499.0,
226,115,Pandora,Goodwin,F,1975-04-24,,139469.0,
227,222,Lucie,Murphy,M,1991-05-22,PE,146587.0,
228,499,Evette,Marquardt,M,1999-03-26,,80151.0,
229,827,Venie,Becker,M,1973-03-15,TE,148967.0,
230,409,Rhea,Runolfsdottir,M,1994-09-13,PE,98150.0,
231,992,Aleta,Kessler,F,1993-11-02,PE,94994.0,
232,106,Bennie,Deckow,F,1985-10-20,PE,86508.0,
233,858,Larkin,Aufderhar,F,1997-11-14,,113114.0,
234,613,Leva,Berge,M,1978-06-08,PE,90204.0,
235,242,Milo,Sanford,F,1973-12-18,PE,112077.0,
236,566,Mia,Von,M,1986-07-11,PE,103794.0,
237,532,Sula,Funk,F,1979-04-06,,73487.0,
238,293,Drury,Weissnat,,1982-01-29,PE,99258.0,
239,958,Ottis,Wiegand,F,1977-09-27,PE,139409.0,
240,296,Verona,Padberg,M,1998-10-14,,125561.0,
241,171,Christa,Roob,M,1996-12-17,TE,110838.0,
242,962,Walton,Howell,M,1996-06-01,PE,76389.0,
243,592,Marsha,Price,F,1982-11-17,TE,86095.0,
244,427,Herbert,Brown,F,1984-05-21,PE,130710.0,
245,896,Efrem,Cronin,,1989-05-07,TE,58196.0,
246,443,Zadie,Gorczany,M,1992-06-21,,123502.0,
247,240,Melissa,Bode,F,1986-07-19,CA,65725.0,
248,673,Aubrie,Kuphal,,1991-09-29,PE,148177.0,
249,875,Ione,Jerde,F,1971-10-05,PE,109073.0,
250,843,Lillian,Bogisich,,1991-11-12,PE,72411.0,
251,986,Elmyra,Mertz,M,1981-04-15,PE,105395.0,
252,482,Fran,Pagac,M,1992-12-31,PE,99065.0,
253,779,Bernard,Leuschke,,1980-08-17,,62571.0,
254,1,Kimberley,Kuhic,F,1990-05-15,,110182.0,
255,761,Flor,Schamberger,M,1984-05-10,PE,101162.0,
256,681,Sebrina,Gibson,F,1991-03-24,PE,72679.0,
257,732,Dandre,Bartoletti,F,1975-06-16,PE,65582.0,
258,383,Jennie,Feeney,F,1984-02-05,PE,108970.0,
259,764,Marisela,Green,F,1979-12-03,PE,67236.0,
260,763,Corda,Wehner,M,1990-05-13,CA,77291.0,
261,563,Draven,Gleichner,F,1993-11-14,PE,109525.0,
262,5,Jamal,Cole,M,1983-01-31,PE,109251.0,
263,411,Jennette,Kemmer,F,1993-08-10,PE,92197.0,
264,836,Tammy,Nolan,,1974-08-02,TE,127199.0,
265,707,Ewell,Sawayn,F,1993-03-23,PE,117610.0,
266,476,Zack,Koch,F,1970-11-20,PE,109910.0,
267,787,Willow,Shields,F,1994-08-08,PE,80748.0,
268,808,Katharyn,Boyer,M,1971-01-28,PE,103177.0,
269,202,Delwin,Satterfield,M,1992-05-08,TE,146286.0,
270,917,Jeff,Jacobs,M,1980-11-06,TE,98247.0,
271,795,Ashlyn,Schinner,M,1977-10-21,,102601.0,
272,454,Carmen,Lind,F,1997-04-08,TE,147651.0,
273,757,Toma,Leuschke,,1999-05-31,,90620.0,
274,403,Audry,Dickinson,F,1977-04-15,PE,60869.0,
275,785,Bridgette,Ward,F,1992-07-13,PE,77710.0,
276,948,Dorsey,Runte,M,1982-04-25,PE,84865.0,
277,439,Jesenia,Nicolas,M,1979-02-28,PE,89252.0,
278,919,Gerda,Hane,F,1994-07-02,PE,140632.0,
279,766,Jace,Russel,,1998-11-29,,71119.0,
280,678,Juliet,Hagenes,,1979-08-19,PE,83360.0,
281,301,Leonore,Stroman,M,1991-02-18,PE,58179.0,
282,905,Devon,Kozey,M,1973-06-01,,66593.0,
283,31,Teddy,Rath,M,1990-02-17,PE,109005.0,
284,469,Patric,O'Hara,F,1973-03-17,PE,120552.0,
285,687,Willie,Runte,,1998-07-10,,143318.0,
286,743,Baker,Auer,F,1986-12-28,PE,72467.0,
287,710,Donato,Vandervort,M,1985-09-18,PE,141040.0,
288,593,Syble,Ebert,,1994-11-05,PE,117818.0,
289,228,Newt,Kertzmann,F,1997-05-14,PE,80860.0,
290,748,Nevin,Nicolas,F,1989-08-30,TE,81635.0,
291,805,Tommie,Kreiger,F,1981-02-19,CA,139040.0,
292,46,Tyrese,Eichmann,F,1982-07-18,,81777.0,
293,841,Kimber,Larson,F,1998-03-24,PE,149164.0,
294,773,Dijon,Brakus,F,1982-08-17,,129734.0,
295,750,Mozelle,Ullrich,M,1999-06-08,PE,149146.0,
296,214,Gail,Erdman,F,1975-10-23,PE,84614.0,
297,779,Alannah,Spencer,M,1978-08-02,PE,55923.0,
298,373,Almond,Waters,M,1973-04-15,PE,93094.0,
299,710,Eldred,Kshlerin,F,1975-09-24,PE,92262.0,
300,645,Clearence,Turner,M,1997-05-17,PE,98536.0,
301,24,Ariella,Runte,F,1993-12-26,PE,107325.0,
302,845,Wendel,Dibbert,F,1992-08-02,PE,144099.0,
303,690,Markel,Beer,M,1997-08-05,PE,95954.0,
304,956,Williemae,Nikolaus,M,1973-03-10,PE,117500.0,
305,188,Fenton,Block,F,1990-02-23,PE,119342.0,
306,882,Christeen,Borer,M,1981-09-12,PE,133983.0,
307,105,Christa,Buckridge,M,1998-05-23,PE,139709.0,
308,486,Kelby,Hessel,M,1972-06-21,PE,103945.0,
309,520,Sky,Collins,,1984-04-28,CA,137270.0,
310,578,Raheem,Rogahn,M,1997-09-05,,119569.0,
311,892,Sonji,King,,1981-12-09,PE,107375.0,
312,696,Marco,Heidenreich,M,1978-08-14,PE,59639.0,
313,26,Albertus,Bernier,,1989-01-06,PE,101017.0,
314,520,Hazel,Bruen,F,1980-01-19,,89167.0,
315,965,Janell,Heaney,F,1991-06-09,PE,80659.0,
316,278,Lorelei,Spencer,M,1973-02-10,PE,126556.0,
317,892,Oline,Hagenes,F,1980-02-25,,124195.0,
318,49,Jordyn,Connelly,F,1990-11-10,PE,124399.0,
319,550,Dove,Runolfsdottir,F,1972-03-04,PE,137960.0,
320,259,Cain,Rath,,1980-12-30,PE,148413.0,
321,870,Shaniece,Kovacek,M,1990-12-27,PE,144102.0,
322,8,Alvy,Beahan,,1993-08-05,PE,66519.0,
323,74,Marlin,Collins,F,1981-02-26,PE,85519.0,
324,442,Jazmine,Goyette,,1990-02-15,,67732.0,
325,919,Michial,Oberbrunner,M,1983-08-26,PE,142240.0,
326,639,Dulcie,Lemke,F,1970-05-15,,59796.0,
327,611,Weldon,Cronin,M,1988-12-26,PE,83682.0,
328,279,Alaina,Klocko,F,1981-09-07,PE,125133.0,
329,445,Woodson,Bins,F,1992-03-14,PE,113482.0,
330,109,Odin,Metz,M,1999-11-05,PE,91335.0,
331,67,Marcy,Schuppe,M,1983-12-31,,142081.0,
332,462,Maddux,Fahey,M,1973-07-01,PE,74497.0,
333,976,Cinthia,Kutch,,1993-09-02,PE,121833.0,
334,69,Shaneka,Powlowski,,1995-03-21,PE,103204.0,
335,35,Virgia,Feil,,1987-09-19,TE,59488.0,
336,747,Gladys,Morissette,F,1987-08-04,PE,133905.0,
337,183,Heyward,Mueller,M,1984-11-07,,118215.0,
338,888,Byrdie,Rolfson,F,1988-04-17,,56176.0,
339,693,Hakim,Towne,F,1975-01-05,PE,132437.0,
340,611,Deetta,Lowe,F,1971-01-11,PE,107681.0,
341,77,Baldwin,Osinski,,1993-08-08,PE,72896.0,
342,276,Hart,Kunze,M,1974-09-08,CA,73245.0,
343,492,Edwin,Graham,M,1997-05-02,PE,138471.0,
344,202,Amarion,Tromp,,1970-01-05,CA,146723.0,
345,900,Izaiah,West,F,1994-02-04,TE,95099.0,
346,329,Jailene,Lakin,M,1987-11-10,CA,97618.0,
347,527,Dolly,Ryan,,1992-03-26,CA,120725.0,
348,436,Anahi,Will,,1981-07-11,PE,127531.0,
349,91,Ethelyn,Romaguera,,1994-04-15,PE,90500.0,
350,325,Latifah,Howe,M,1994-03-22,TE,81518.0,
351,208,Nancie,Smith,F,1998-03-12,PE,107216.0,
352,211,Alyce,Haag,M,1979-10-05,PE,106761.0,
353,583,Jayce,Kub,,1982-05-29,PE,97761.0,
354,460,Abbey,Fahey,F,1982-08-27,,124621.0,
355,886,Baby,Towne,F,1983-09-14,TE,95548.0,
356,960,Madonna,Schmeler,,1972-06-20,PE,94692.0,
357,533,Algernon,Spencer,,1983-03-30,PE,72979.0,
358,391,Iesha,Marvin,,1986-06-27,CA,128357.0,
359,749,Hartley,Harber,,1978-05-05,,148713.0,
360,825,Loris,Volkman,M,1994-07-26,CA,83511.0,
361,492,Sidney,Reilly,,1977-02-11,TE,67500.0,
362,619,Dijon,Kohler,,1988-07-02,,82779.0,
363,674,Delpha,Frami,F,1986-06-02,PE,95014.0,
364,578,Lenord,Mraz,M,1997-06-25,PE,102116.0,
365,713,Ula,Rogahn,M,1997-04-01,,97009.0,
366,411,Royal,Balistreri,,1981-04-24,PE,112817.0,
367,237,Leora,Tromp,M,1984-06-13,TE,84218.0,
368,10,Pate,Weber,F,1992-01-03,PE,71722.0,
369,957,Damon,Rutherford,M,1976-02-24,CA,91380.0,
370,307,Colt,Schmitt,F,1990-07-31,,79093.0,
371,101,Khalilah,Flatley,M,1974-03-31,PE,91171.0,
372,667,Hymen,Kub,M,1982-01-17,PE,64141.0,
373,195,Mustafa,Emard,M,1972-03-16,PE,55003.0,
374,963,Burley,Lakin,F,1971-12-06,CA,116648.0,
375,566,Minor,Bradtke,,1978-01-28,CA,111715.0,
376,212,Fredy,Mraz,F,1994-05-05,PE,104426.0,
377,922,Errol,Pfeffer,M,1992-01-17,,91406.0,
378,992,Oda,Becker,M,1980-06-22,PE,76005.0,
379,893,Janiah,Little,F,1978-12-03,PE,142787.0,
380,798,Clinton,Morar,M,1991-09-05,PE,118143.0,
381,503,Patrick,Boehm,,1989-10-23,,111033.0,
382,580,Rashaan,Mills,M,1997-05-16,PE,72516.0,
383,813,Laura,Hartmann,F,1988-12-05,PE,63915.0,
384,812,Sincere,Russel,F,1996-10-21,PE,139171.0,
385,491,Chelsi,Parisian,M,1987-02-24,PE,142266.0,
386,866,Nadine,Bednar,F,1978-08-26,PE,128460.0,
387,389,Skyla,Kris,M,1971-02-02,CA,149507.0,
388,808,Aleah,Bosco,M,1976-04-13,PE,67831.0,
389,269,Mabel,VonRueden,M,1979-01-21,PE,76933.0,
390,116,Dionte,Hettinger,,1995-09-21,,96590.0,
391,206,Ardell,Swift,F,1997-06-15,PE,146257.0,
392,89,Yuridia,Rodriguez,,1984-01-22,TE,129460.0,
393,686,Jedidiah,Carroll,M,1976-02-16,PE,124095.0,
394,429,Izetta,Keeling,M,1973-06-12,,138064.0,
395,235,Eugenie,Senger,M,1998-10-19,TE,125441.0,
396,450,Carrol,Little,M,1982-12-02,PE,75423.0,
397,714,Sylvan,Spinka,F,1985-11-09,PE,94445.0,
398,299,Alvin,Marvin,F,1989-07-21,,109310.0,
399,556,Kahlil,Glover,M,1983-02-19,TE,70487.0,
400,187,Audie,Weimann,F,1972-11-14,PE,118431.0,
401,24,Abbott,Rippin,F,1984-03-11,PE,93348.0,
402,350,Wanda,Cartwright,M,1981-09-09,PE,87829.0,
403,165,Bennett,Bahringer,M,1971-04-16,PE,66507.0,
404,643,Stella,Homenick,M,1975-09-29,PE,149108.0,
405,794,Daniel,Zboncak,M,1984-10-23,PE,97560.0,
406,274,Salina,Hammes,F,1979-04-16,TE,122286.0,
407,366,Jaimee,Ryan,M,1983-05-14,PE,65156.0,
408,552,Sydni,Rutherford,,1995-12-27,PE,123683.0,
409,997,Andrew,Schulist,F,1971-01-02,PE,101940.0,
410,376,Kyle,Ankunding,F,1980-08-31,PE,146364.0,
411,622,Marley,Okuneva,F,1978-10-27,PE,146836.0,
412,296,Isiah,Crist,,1984-10-12,CA,85347.0,
413,659,Tatyana,Cassin,M,1987-02-04,TE,62908.0,
414,511,Mace,Cormier,M,1993-05-29,PE,122923.0,
415,870,Jacquez,Gutmann,F,1979-01-20,TE,75846.0,
416,852,Alston,Bauch,,1979-12-04,PE,109846.0,
417,457,Kaelynn,Pollich,M,1995-12-02,CA,148552.0,
418,751,Brooke,Morar,F,1983-08-01,PE,126294.0,
419,132,Keira,Lubowitz,M,1986-01-27,PE,137921.0,
420,966,Donal,Fay,M,1998-05-27,CA,64259.0,
421,11,Buna,Connelly,M,1990-01-01,PE,148038.0,
422,691,Georgie,Friesen,F,1986-07-14,PE,125873.0,
423,346,Albertus,Littel,M,1994-03-06,,55958.0,
424,482,Rahn,Gusikowski,,1989-04-02,CA,124691.0,
425,707,Leesa,Friesen,M,1996-09-18,,80722.0,
426,110,Metta,Trantow,,1977-12-21,PE,122444.0,
427,606,Stafford,King,M,1996-12-12,,60367.0,
428,581,Tobi,Cummings,M,1990-10-07,TE,135521.0,
429,491,Cherelle,Waelchi,M,1982-07-05,PE,56568.0,
430,304,Iesha,Franecki,M,1975-07-16,TE,100401.0,
431,75,Donat,Ryan,M,1978-07-15,PE,88653.0,
432,483,Melissia,Strosin,F,1973-12-13,PE,100176.0,
433,892,Celestine,Walker,M,1972-10-12,CA,83549.0,
434,332,Alston,Grimes,M,1977-05-14,CA,118206.0,
435,447,Francies,Schoen,F,1993-11-04,PE,94327.0,
436,713,Kaci,Berge,,1990-03-22,PE,72666.0,
437,541,Claire,Kiehn,M,1976-12-07,PE,70316.0,
438,92,Love,Bode,F,1990-08-16,PE,101786.0,
439,587,Sherrie,Hudson,,1970-10-04,PE,145960.0,
440,766,Johathan,Cruickshank,M,1982-07-31,CA,130472.0,
441,85,Galilea,Waters,,1970-07-24,PE,135774.0,
442,667,Tasia,Nitzsche,F,1972-03-06,PE,117011.0,
443,138,Freddie,Emmerich,M,1987-12-19,,138387.0,
444,812,Kayley,Walker,,1981-08-13,,89921.0,
445,910,Violet,Metz,M,1978-03-09,CA,106724.0,
446,499,Cheyanne,Wiza,M,1995-03-08,PE,117399.0,
447,814,Jarrod,Williamson,F,1989-07-24,PE,126979.0,
448,762,Dolores,Trantow,F,1999-05-24,PE,117449.0,
449,377,Corry,Wehner,M,1984-04-08,PE,93686.0,
450,607,Taj,Cole,,1994-12-11,PE,92292.0,
451,160,Denice,Hayes,,1976-06-17,PE,115752.0,
452,112,Elease,Torp,F,1990-01-31,PE,89048.0,
453,87,Citlalli,Dach,F,1993-07-02,PE,133519.0,
454,880,Shelly,Konopelski,M,1990-05-28,PE,111792.0,
455,501,Raquan,Schmeler,F,1990-05-31,CA,137343.0,
456,447,Marin,Schowalter,,1981-10-23,CA,119484.0,
457,235,Melody,Farrell,M,1981-06-05,PE,89670.0,
458,894,Virgie,Bradtke,M,1994-10-06,PE,86863.0,
459,718,Lindy,Gottlieb,M,1994-02-25,PE,66430.0,
460,57,Odie,Veum,F,1988-07-23,,85210.0,
461,870,Dillan,Turcotte,M,1995-07-29,PE,68520.0,
462,71,Bobbie,Kessler,F,1970-09-03,TE,119641.0,
463,418,Doreen,Baumbach,F,1980-03-29,PE,55033.0,
464,707,Erling,Nienow,F,1970-12-31,,94938.0,
465,723,Williemae,Wilkinson,M,1987-10-22,PE,106398.0,
466,692,Val,Schmitt,M,1977-05-06,PE,132677.0,
467,712,Damian,Marvin,F,1975-05-21,PE,135791.0,
468,686,Charlsie,Hirthe,M,1975-08-15,PE,62393.0,
469,144,Tracey,Lebsack,F,1975-04-24,CA,72866.0,
470,656,Isabel,Hilpert,M,1977-03-01,CA,64781.0,
471,999,Maceo,Wisoky,M,1983-11-12,PE,142838.0,
472,606,Jonell,Frami,M,1989-03-30,PE,64124.0,
473,57,Shelli,Hettinger,,1976-09-18,PE,95690.0,
474,692,London,Denesik,M,1992-01-05,CA,72160.0,
475,62,Ivonne,Langworth,F,1977-03-01,TE,132528.0,
476,515,Adelard,Abshire,F,1973-12-15,PE,66031.0,
477,419,Royal,Leffler,F,1998-12-18,PE,143991.0,
478,565,North,McLaughlin,F,1988-10-31,PE,128329.0,
479,573,Laverne,Schiller,F,1976-03-05,PE,131800.0,
480,398,Chase,Goyette,F,1982-12-16,CA,149717.0,
481,318,Makena,Heidenreich,M,1974-08-27,CA,95112.0,
482,606,Lorrie,Crist,F,1981-07-25,PE,111104.0,
483,364,Korbin,Ondricka,M,1981-12-19,TE,121109.0,
484,607,May,Doyle,F,1992-06-21,PE,65658.0,
485,222,Elodie,Heller,M,1998-06-15,PE,131562.0,
486,477,Nathaly,Adams,M,1974-01-29,PE,100052.0,
487,954,Margarite,Cassin,F,1981-07-10,PE,61076.0,
488,743,Zack,Kling,F,1981-11-21,PE,138431.0,
489,606,Vela,Lueilwitz,M,1979-11-13,TE,61581.0,
490,225,Michaela,Sanford,F,1976-05-05,PE,70382.0,
491,997,Brook,Turner,M,1990-06-21,,80734.0,
492,275,Moody,Fritsch,F,1992-10-02,PE,62066.0,
493,266,Giovani,Friesen,F,1980-03-26,CA,87001.0,
494,924,Takisha,Stanton,F,1996-06-19,PE,100116.0,
495,863,Eileen,Boyle,F,1995-05-25,CA,96924.0,
496,681,Triston,Yundt,F,1970-03-29,TE,86467.0,
497,942,Kaiya,Legros,,1986-10-15,,63683.0,
498,10,Saige,Casper,M,1990-08-03,,61597.0,
499,884,Pablo,Bogan,M,1989-11-03,,123759.0,
500,901,Lary,Krajcik,M,1993-08-30,PE,73623.0,
501,630,Iola,Hilpert,M,1974-12-01,,100923.0,
502,219,Vicente,Wiegand,M,1992-04-07,PE,67066.0,
503,476,Jerrilyn,Jakubowski,,1975-06-17,TE,88637.0,
504,597,Tessa,Howell,,1982-10-07,PE,83065.0,
505,500,Torrance,Hahn,,1994-06-13,PE,89393.0,
506,353,Gigi,Heathcote,,1997-01-26,PE,143397.0,
507,345,Jajuan,Leffler,M,1981-04-15,,92701.0,
508,261,Garey,Vandervort,F,1971-07-19,PE,67132.0,
509,624,Serenity,Senger,F,1993-04-19,TE,85681.0,
510,747,Vernia,Ritchie,M,1988-10-25,,70673.0,
511,762,Geary,Nienow,M,1980-11-03,PE,59300.0,
512,387,Iva,Green,F,1978-07-30,PE,67147.0,
513,824,Kami,Langworth,M,1996-08-22,PE,72960.0,
514,65,Faith,Becker,F,1992-12-16,PE,99575.0,
515,662,Sherwin,Witting,F,1977-05-01,PE,73338.0,
516,462,Penelope,Crona,M,1999-06-12,PE,80458.0,
517,341,Helena,Runte,,1996-12-09,PE,60112.0,
518,161,Zion,Cronin,,1991-09-30,PE,115523.0,
519,708,Opal,Koelpin,M,1975-02-21,PE,132691.0,
520,997,Agusta,Emmerich,M,1972-12-05,PE,114085.0,
521,687,Christa,King,F,1994-03-25,CA,128960.0,
522,213,Lyn,Bechtelar,F,1990-04-27,TE,104808.0,
523,544,Karol,Parisian,M,1992-06-01,TE,99501.0,
524,553,Brandi,Klein,F,1976-10-19,PE,71013.0,
525,885,Elvis,Medhurst,F,1987-08-25,CA,141046.0,
526,799,Clemens,Heathcote,F,1985-08-15,PE,107976.0,
527,846,Cleo,O'Kon,M,1974-12-22,PE,108288.0,
528,302,Vernell,Schmidt,F,1983-08-08,,123021.0,
529,878,Monnie,Mante,F,1997-06-29,TE,91829.0,
530,33,Brittnay,Yundt,,1984-09-30,PE,70648.0,
531,866,Corinna,Parker,F,1985-03-04,CA,84403.0,
532,90,Greyson,Bruen,F,1972-10-30,CA,144889.0,
533,801,Kazuko,Bechtelar,,1995-04-03,PE,97902.0,
534,645,Kayley,Predovic,F,1973-05-20,,108400.0,
535,464,Texanna,Rohan,F,1997-09-09,PE,140536.0,
536,739,Camille,Renner,,1988-01-07,,121689.0,
537,586,Arianna,Gorczany,F,1973-10-15,,87397.0,
538,148,Celeste,Bernhard,M,1973-04-24,CA,76386.0,
539,957,Nettie,Monahan,,1998-07-06,PE,91047.0,
540,353,Annika,Runte,M,1992-07-24,,62438.0,
541,328,Otha,Keebler,F,1990-02-04,PE,141310.0,
542,446,Jan,Fahey,M,1987-10-25,PE,144382.0,
543,583,Wally,Cremin,F,1978-12-04,PE,110306.0,
544,143,Miranda,Hagenes,M,1980-04-21,TE,68804.0,
545,326,Mandy,Greenfelder,,1995-11-16,PE,79047.0,
546,449,Tyquan,Sanford,F,1982-09-10,,111819.0,
547,806,Clair,Stokes,M,1978-08-31,PE,76691.0,
548,846,Rutha,Emmerich,F,1993-12-16,CA,73547.0,
549,360,Claud,Schultz,,1971-12-04,PE,73087.0,
550,492,Claudine,O'Conner,,1994-07-12,,61888.0,
551,430,Joseph,Reynolds,M,1977-12-28,PE,97293.0,
552,476,Lamonte,Rolfson,M,1979-09-27,PE,68661.0,
553,12,Alesia,Hirthe,M,1979-04-21,PE,126664.0,
554,395,Abie,Kuhn,F,1981-09-13,PE,109730.0,
555,631,Becky,Murazik,F,1987-03-26,PE,112854.0,
556,80,Zelpha,White,M,1999-12-07,PE,84398.0,
557,517,Alice,Doyle,M,1998-08-01,PE,119391.0,
558,617,Rickey,Aufderhar,,1994-12-27,PE,139864.0,
559,387,Jalen,Waters,F,1980-09-22,PE,118124.0,
560,782,Harmony,Witting,M,1987-11-06,PE,91591.0,
561,386,Delmas,Daugherty,,1997-02-13,,69926.0,
562,541,Ruth,Eichmann,,1973-03-19,,98816.0,
563,682,Shawanda,Harber,F,1990-01-29,PE,130551.0,
564,8,Paola,Kilback,F,1981-11-09,PE,61536.0,
565,374,Birt,Farrell,F,1971-08-31,PE,86943.0,
566,362,Janyce,Yundt,F,1983-01-18,PE,82091.0,
567,372,Mauricio,Bergnaum,F,1975-07-25,CA,140239.0,
568,445,Darrius,Roberts,,1977-01-21,PE,56414.0,
569,607,Garvin,Hermann,,1988-11-21,PE,138378.0,
570,984,Felicity,Renner,M,1978-08-14,PE,81751.0,
571,762,Jerica,Sauer,M,1982-03-12,,120954.0,
572,615,Kyleigh,Rutherford,F,1997-12-12,PE,67230.0,
573,270,Loula,Hahn,F,1998-09-23,PE,107869.0,
574,817,Lacey,Dickens,F,1971-07-23,,96147.0,
575,456,Denine,Crona,M,1981-10-29,PE,105854.0,
576,765,Hildur,Marvin,,1989-01-10,PE,120225.0,
577,428,Salomon,Carter,M,1987-05-30,,96431.0,
578,951,Emery,Steuber,M,1988-02-09,,77892.0,
579,289,Uriah,Bashirian,M,1974-03-22,PE,102185.0,
580,705,Kathyrn,Balistreri,F,1999-03-06,PE,68773.0,
581,37,Jolette,Marks,M,1977-10-12,,132173.0,
582,185,Wally,Hirthe,M,1991-07-20,PE,129998.0,
583,939,Kennard,Hintz,M,1988-06-12,PE,71052.0,
584,695,Mack,Nolan,F,1998-01-26,PE,121793.0,
585,288,Rubie,Hartmann,M,1996-09-06,PE,64643.0,
586,244,Helene,Medhurst,M,1982-08-13,PE,123711.0,
587,725,Nova,Klein,F,1973-12-28,PE,123331.0,
588,227,Leone,Upton,M,1988-03-08,CA,148436.0,
589,676,Jaelynn,Morissette,M,1981-01-24,,96862.0,
590,480,Jarrad,Schmitt,,1988-02-19,PE,126906.0,
591,251,Burnie,Marvin,,1998-02-16,PE,76057.0,
592,513,Devyn,O'Conner,M,1994-01-12,PE,130685.0,
593,281,Alston,Davis,F,1970-08-05,,123387.0,
594,216,Jazlyn,Davis,M,1994-04-11,CA,118945.0,
595,979,Emery,Conn,M,1995-10-23,PE,138214.0,
596,48,Ruffin,Medhurst,M,1994-11-13,PE,67369.0,
597,632,Sharonda,Doyle,M,1982-10-22,PE,71172.0,
598,793,Laurene,Kohler,M,1978-02-15,PE,121461.0,
599,967,Novella,Streich,,1992-06-05,PE,127460.0,
600,110,Benny,Jenkins,,1973-11-11,TE,86686.0,
601,310,Tolbert,Trantow,M,1994-09-07,PE,91941.0,
602,914,Tab,Zulauf,M,1991-06-15,PE,68168.0,
603,284,Francies,McGlynn,F,1991-05-05,PE,131460.0,
604,310,Sammy,Dickinson,F,1996-04-20,PE,136082.0,
605,509,Clemens,West,,1981-10-12,PE,134268.0,
606,520,Olan,Homenick,,1991-09-07,TE,148916.0,
607,282,Waymon,Bauch,M,1973-12-29,PE,118954.0,
608,721,Hasel,Leannon,M,1989-07-31,CA,121109.0,
609,424,Gaylon,Fadel,,1991-10-05,TE,64107.0,
610,277,Rosanne,Heathcote,F,1993-06-23,,67357.0,
611,475,Abe,Schultz,M,1994-11-15,CA,71706.0,
612,963,Bea,Lueilwitz,F,1988-01-16,PE,85676.0,
613,82,Rennie,Koch,M,1993-08-24,TE,132854.0,
614,400,Adonis,Kessler,M,1979-11-01,PE,86648.0,
615,627,Edwin,Abbott,M,1979-12-21,,139549.0,
616,317,Arthur,Beatty,M,1974-07-04,,89660.0,
617,126,Ulises,Nicolas,F,1995-04-30,PE,134165.0,
618,673,Demian,Barrows,F,1980-07-29,PE,74930.0,
619,818,Racheal,Funk,M,1988-01-23,PE,120223.0,
620,509,Kendall,Harvey,M,1975-10-18,CA,142874.0,
621,313,Danette,Ward,,1987-07-30,TE,129422.0,
622,392,Karma,Shields,F,1983-07-16,TE,103352.0,
623,632,Linette,Mante,,1997-05-27,PE,146708.0,
624,303,Martell,Kassulke,,1972-02-20,TE,127189.0,
625,82,Gwyneth,Prosacco,,1995-09-13,PE,55602.0,
626,928,Domenico,Howe,,1973-01-19,PE,136394.0,
627,318,Bev,Schuster,F,1981-06-23,PE,69093.0,
628,160,Zita,Hermiston,M,1997-04-29,PE,128330.0,
629,672,Fannie,Lemke,M,1990-09-04,PE,85872.0,
630,548,Francine,Mayer,M,1997-02-17,PE,80200.0,
631,733,Lilla,Blanda,,1978-11-14,PE,66934.0,
632,21,Elaine,Barrows,M,1983-06-08,PE,59553.0,
633,428,Marylee,Schimmel,F,1998-06-29,PE,98535.0,
634,109,Joselyn,Schmeler,M,1970-06-23,PE,84979.0,
635,66,Savilla,Bernier,F,1974-07-16,PE,,
636,184,Sheree,Morar,M,1997-03-22,CA,,
637,366,June,Hamill,,1981-02-04,TE,,
638,410,Johan,Haag,F,1975-06-08,PE,,
639,277,Bliss,Abshire,F,1985-08-20,PE,,
640,489,Karma,Herman,F,1994-12-22,PE,,
641,368,Celia,Konopelski,F,1986-01-08,PE,,
642,826,Braydon,Ritchie,F,1995-05-17,PE,,
643,514,Mickey,Pagac,F,1984-05-23,CA,,
644,177,Carmelita,Bednar,M,1997-02-22,,,
645,438,Gracelyn,Friesen,M,1974-08-07,PE,,
646,263,Lorrayne,Volkman,M,1988-11-13,TE,,
647,779,Codey,Nitzsche,F,1981-06-18,CA,,
648,631,Milan,O'Conner,M,1975-07-01,,,
649,108,Myrta,Kuvalis,M,1990-01-24,PE,,
650,208,Minerva,Sawayn,M,1979-08-09,CA,,
651,634,Corina,Schowalter,,1974-03-02,PE,91252.0,
652,575,Qiana,Gutkowski,,1971-10-25,PE,115611.0,
653,789,Reid,Tromp,M,1990-08-20,,136597.0,
654,981,Keanna,Nicolas,F,1994-05-08,PE,64265.0,
655,76,Wilhelm,Halvorson,M,1984-06-18,,56856.0,
656,627,Alphonsine,Bode,F,1978-07-13,PE,72830.0,
657,484,Aryana,Hammes,M,1973-06-19,PE,93551.0,
658,193,Imanol,Streich,M,1974-09-30,PE,76056.0,
659,570,Corda,Lowe,,1979-04-18,,70581.0,
660,983,Rosendo,Rau,F,1987-11-06,PE,80392.0,
661,473,Misti,Hammes,M,1970-05-14,,117924.0,
662,744,Ivory,Mante,M,1984-09-04,CA,81133.0,
663,34,Aimee,Sauer,M,1992-11-18,CA,125785.0,
664,99,Austin,Hahn,F,1975-05-01,,88848.0,
665,257,Vergie,Tremblay,F,1987-12-09,CA,149999.0,
666,142,Ashby,Waelchi,F,1985-08-12,,119416.0,
667,172,Medora,Wisoky,M,1994-09-13,PE,113470.0,
668,924,Ocie,Lakin,M,1970-12-09,TE,71623.0,
669,632,Josephus,Collier,M,1986-11-13,,103524.0,
670,267,Karlee,Labadie,M,1975-11-17,PE,108276.0,
671,391,Raekwon,Kuhn,F,1972-02-06,CA,149482.0,
672,673,Haleigh,Herzog,M,1994-07-24,,115672.0,
673,472,Johny,Volkman,M,1998-07-25,PE,143599.0,
674,438,Blanchard,Ryan,M,1997-01-15,PE,138655.0,
675,222,Yaakov,Skiles,,1988-05-17,,134281.0,
676,335,Antionette,Morar,,1973-09-13,,76351.0,
677,535,Armani,McClure,F,1973-06-20,TE,110082.0,
678,46,Nevada,Kunde,F,1986-05-10,PE,112824.0,
679,824,Brendan,Block,F,1996-10-10,TE,123597.0,
680,47,Deasia,Herzog,M,1972-08-15,CA,102541.0,
681,398,Alene,Kuvalis,F,1973-10-11,PE,103230.0,
682,498,Christion,Jones,,1987-10-20,CA,119208.0,
683,717,Helyn,Fadel,F,1985-09-05,PE,70770.0,
684,805,Blanche,Abernathy,,1989-06-25,PE,77772.0,
685,983,Gerald,Pfeffer,M,1999-03-25,CA,97350.0,
686,919,Carter,Howe,F,1978-08-12,PE,109318.0,
687,353,Hayden,Koepp,F,1991-01-01,PE,119933.0,
688,900,Encarnacion,Hand,,1977-06-11,PE,77769.0,
689,835,Vikki,Schiller,M,1984-10-31,PE,72145.0,
690,758,Avis,Hayes,M,1987-02-01,,67180.0,
691,108,Meryl,Wunsch,M,1999-11-04,TE,73793.0,
692,900,Talmage,Kirlin,F,1977-02-07,TE,118016.0,
693,297,Clemmie,Crist,M,1988-04-24,CA,67216.0,
694,837,Nikhil,Lemke,F,1982-06-06,PE,109382.0,
695,413,Keeley,Conroy,F,1970-01-17,PE,55726.0,
696,791,Asia,Hane,F,1995-12-20,,110038.0,
697,551,Arden,Hoeger,F,1988-04-25,,89713.0,
698,175,Melton,Sporer,,1994-11-24,CA,115644.0,
699,344,Elyse,Stroman,F,1975-01-24,PE,107074.0,
700,94,Samara,Erdman,F,1991-10-29,PE,119930.0,
701,188,Gracie,Shanahan,M,1992-09-21,PE,61106.0,
702,867,Greta,Dickinson,F,1990-04-29,PE,81093.0,
703,291,Solomon,Ziemann,M,1975-05-30,,86358.0,
704,273,Davis,Price,,1990-03-17,PE,81471.0,
705,744,Viridiana,Beahan,F,1986-03-29,PE,142546.0,
706,961,Meryl,Hammes,F,1974-03-31,,145884.0,
707,570,Chimere,Wunsch,F,1997-08-13,PE,94717.0,
708,453,Lucretia,Mante,F,1976-10-24,PE,98550.0,
709,446,Kristian,Heidenreich,F,1975-07-11,PE,146795.0,
710,358,Payton,Homenick,,1994-03-02,,59924.0,
711,270,Rigoberto,Swift,,1986-12-27,PE,133069.0,
712,348,Tiffanie,Hessel,F,1987-03-09,PE,64381.0,
713,410,Emeline,Jast,M,1994-12-08,PE,129714.0,
714,343,Eldred,Hahn,M,1998-09-02,PE,146067.0,
715,204,Selah,Pfeffer,,1991-04-20,,90609.0,
716,866,Park,Harber,M,1989-12-23,PE,94897.0,
717,116,Eboni,Feest,M,1981-06-13,,140226.0,
718,520,Inga,Boehm,M,1976-05-08,PE,129020.0,
719,198,Acy,Paucek,M,1992-11-17,,146126.0,
720,937,Rylan,Stroman,M,1971-06-24,PE,141575.0,
721,675,Madden,Hessel,M,1978-08-21,PE,137376.0,
722,50,Lavada,Schmidt,M,1987-05-15,,101898.0,
723,784,Julisa,Murazik,,1987-09-30,PE,75235.0,
724,554,Denisha,Price,M,1999-06-21,PE,87662.0,
725,941,Jose,Breitenberg,F,1985-07-02,,142567.0,
726,889,Hollie,Muller,,1973-04-04,CA,116101.0,
727,327,Renea,Erdman,M,1986-08-03,PE,64245.0,
728,847,Dequan,Brown,,1986-05-29,PE,119370.0,
729,512,Sybilla,Kreiger,M,1981-09-20,PE,89122.0,
730,163,Ester,Emmerich,M,1989-08-13,,134033.0,
731,98,Carmen,Macejkovic,,1987-06-13,PE,128497.0,
732,110,Julie,Wiegand,F,1982-05-24,PE,141991.0,
733,167,Nick,Little,M,1980-08-20,PE,103003.0,
734,326,Denton,Becker,F,1984-05-13,PE,60045.0,
735,351,Kurt,Nikolaus,F,1980-12-14,PE,101337.0,
736,352,Austin,Collins,,1991-01-12,,59530.0,
737,743,Katerina,Runolfsson,F,1990-07-05,PE,87137.0,
738,569,Fernanda,Anderson,,1973-11-11,PE,100056.0,
739,36,Ardell,Von,M,1989-03-03,CA,110429.0,
740,684,Ethelbert,Koch,F,1972-04-15,PE,124780.0,
741,84,Akeelah,Kris,M,1981-02-22,PE,123656.0,
742,157,Shana,Prosacco,,1973-11-01,PE,64181.0,
743,474,Carey,Harber,,1990-05-09,PE,140852.0,
744,12,Ursula,Wintheiser,M,1999-11-26,,135046.0,
745,124,Alaina,Hilpert,,1987-01-09,PE,62046.0,
746,12,Javion,Moore,M,1976-02-13,,137513.0,
747,427,Kelsey,Feil,F,1981-04-14,TE,122762.0,
748,414,Almeda,Murazik,M,1988-03-12,TE,134422.0,
749,237,Lauri,Hodkiewicz,,1975-05-09,,59596.0,
750,445,Octavia,Cormier,F,1978-03-21,,80301.0,
751,439,Esther,Cartwright,M,1998-09-14,,85697.0,
752,253,Margot,Connelly,F,1982-04-30,,75082.0,
753,558,Monroe,Pacocha,M,1986-08-22,PE,122011.0,
754,705,Elmo,Jacobson,M,1982-01-26,PE,104313.0,
755,208,Jedidiah,Zieme,,1999-10-20,CA,85879.0,
756,51,Berkley,Nader,M,1982-01-05,PE,69904.0,
757,36,Einar,Beier,F,1971-09-06,,113541.0,
758,780,Casen,Rowe,M,1990-04-22,,120179.0,
759,996,Linnie,Larson,F,1980-03-04,PE,92815.0,
760,366,Karel,McLaughlin,M,1984-05-14,TE,84829.0,
761,892,Theta,Kirlin,M,1975-08-29,PE,115004.0,
762,745,Anjanette,Marvin,F,1996-08-11,,74834.0,
763,537,Clarence,Kemmer,,1993-01-05,,89101.0,
764,98,Leroy,Kuhic,F,1992-12-18,CA,149322.0,
765,527,Aurora,Fritsch,M,1970-05-12,CA,132233.0,
766,780,Destiny,Kirlin,M,1994-09-30,CA,120558.0,
767,558,Miley,Kshlerin,M,1994-11-21,,66572.0,
768,797,Corinne,Becker,,1996-03-24,,121953.0,
769,130,Oney,Purdy,M,1976-12-20,PE,59579.0,
770,735,Davon,Conn,,1971-02-04,,126723.0,
771,490,Chace,Crist,F,1985-01-02,PE,71364.0,
772,971,Elvis,Bosco,,1977-03-07,PE,130542.0,
773,31,Jory,Waters,,1970-10-05,,80945.0,
774,285,Pennie,Goodwin,,1997-03-26,PE,76698.0,
775,609,Arbie,Wiza,,1993-12-07,PE,82997.0,
776,370,Theresa,Gulgowski,M,1975-01-10,,81277.0,
777,340,Osie,Bruen,M,1979-08-18,TE,85492.0,
778,160,Kelley,Stiedemann,,1977-09-14,PE,78564.0,
779,646,Nova,Predovic,,1997-01-25,PE,103012.0,
780,841,Annamarie,Blanda,M,1982-03-23,PE,106169.0,
781,39,Gilda,Gerlach,F,1987-06-25,PE,58922.0,
782,759,Selene,Grady,,1991-03-31,PE,139412.0,
783,520,Kasey,Christiansen,,1976-08-09,CA,121419.0,
784,635,Lolita,Kuvalis,F,1988-07-29,PE,140096.0,
785,753,Jayne,Blanda,M,1987-01-23,PE,92728.0,
786,245,Rico,Wilderman,M,1970-12-29,PE,73523.0,
787,177,Alena,Johns,M,1980-07-30,PE,64689.0,
788,668,Lorinda,Rogahn,,1991-10-20,PE,95436.0,
789,329,Elizabet,Dickinson,F,1985-03-13,CA,117526.0,
790,954,Carin,Prosacco,M,1987-06-24,TE,143630.0,
791,449,Eugenia,Will,F,1976-08-17,PE,66967.0,
792,457,Dorathy,Senger,M,1993-12-26,CA,64114.0,
793,522,Sannie,White,M,1975-05-13,,117537.0,
794,928,Ottis,Collier,M,1993-11-20,PE,109456.0,
795,702,Clella,Greenholt,,1994-06-01,PE,121203.0,
796,845,Candace,Predovic,M,1986-03-02,TE,98922.0,
797,232,Marland,Bayer,F,1991-04-10,TE,144022.0,
798,411,Brody,Hegmann,F,1978-04-22,PE,132509.0,
799,965,Sudie,Mayert,M,1994-08-27,,115256.0,
800,541,Madalyn,Dach,M,1979-07-11,PE,143222.0,
801,983,Randell,Dickens,M,1981-06-27,PE,98427.0,
802,260,Hillard,Aufderhar,,1985-01-21,PE,93850.0,
803,5,Carly,Ratke,M,1998-01-16,PE,88315.0,
804,953,Pleas,Flatley,M,1973-12-24,PE,72630.0,
805,600,Ewell,Hammes,M,1972-09-05,PE,119049.0,
806,462,Helena,Denesik,M,1975-01-15,PE,57771.0,
807,725,Corene,Boehm,M,1972-02-11,TE,76070.0,
808,520,Octavio,Emard,,1975-01-29,PE,133131.0,
809,279,Jarod,Jerde,,1979-01-30,PE,113984.0,
810,745,Tremaine,Stanton,F,1973-07-29,PE,115953.0,
811,154,Jiles,Osinski,M,1981-12-03,,59309.0,
812,854,Ama,Hilll,,1997-08-10,,98448.0,
813,729,Abril,Hansen,,1971-01-25,TE,66703.0,
814,745,Stephenie,White,M,1995-01-11,PE,109304.0,
815,847,Cory,Funk,F,1999-02-18,PE,80614.0,
816,749,Berneice,Wilkinson,M,1979-08-15,PE,91162.0,
817,777,Charlsie,Schuppe,,1976-03-24,PE,78911.0,
818,229,Octave,Grant,,1975-04-28,,69936.0,
819,176,Breonna,Schaefer,F,1982-06-28,PE,105640.0,
820,517,Ashley,Emard,F,1971-01-09,PE,149670.0,
821,163,Offie,Bernier,M,1983-12-18,PE,89910.0,
822,191,Denice,Hand,F,1994-10-29,TE,83935.0,
823,775,Verna,Kunze,F,1991-08-05,PE,100598.0,
824,191,Jacquez,Halvorson,F,1991-08-03,PE,55690.0,
825,211,Savon,Lubowitz,M,1972-11-11,PE,110521.0,
826,936,Freda,Dare,,1970-03-04,PE,97777.0,
827,769,Ardell,Carter,F,1993-07-09,TE,129321.0,
828,719,Leola,Schroeder,F,1972-12-31,PE,72369.0,
829,213,Willie,O'Keefe,F,1998-01-12,PE,124504.0,
830,242,Clemence,O'Connell,F,1984-06-24,PE,92830.0,
831,930,Joshuah,O'Keefe,M,1974-01-05,CA,142896.0,
832,141,Thurman,Bosco,F,1973-06-29,PE,130265.0,
833,813,Cyril,Fahey,M,1971-04-16,CA,146821.0,
834,227,Xiomara,Armstrong,,1996-07-29,PE,145164.0,
835,62,Jarred,Kilback,M,1990-03-28,PE,56123.0,
836,476,Claiborne,Lockman,F,1980-12-21,PE,87904.0,
837,801,Raven,Hammes,M,1988-06-20,,97382.0,
838,362,Woodson,Dietrich,,1992-05-31,PE,77757.0,
839,452,Brittaney,Wisoky,M,1974-02-03,PE,114863.0,
840,321,Lim,Schmitt,M,1974-02-19,CA,128365.0,
841,80,Adella,Hintz,F,1970-12-21,PE,116692.0,
842,466,Isom,Hartmann,,1986-07-28,TE,144872.0,
843,884,Nelly,Kiehn,F,1970-10-23,,59296.0,
844,188,,,,,,,
845,101,Delvin,Schuppe,M,1997-06-05,PE,62462.0,
846,720,Alfred,Wiza,F,1999-02-20,TE,61723.0,
847,73,Gregorio,Christiansen,M,1986-07-25,TE,112205.0,
848,599,Echo,Lowe,F,1984-12-29,PE,58458.0,
849,781,Romeo,Kohler,F,1970-09-30,CA,75400.0,
850,508,Ally,Turcotte,,1994-06-30,PE,130803.0,
851,415,Quintin,Halvorson,M,1976-06-07,,81527.0,
852,36,Lukas,Kunze,,1996-09-29,TE,139432.0,
853,584,Kymani,Erdman,,1989-05-13,TE,82247.0,
854,516,Sherrie,Parker,,1977-11-17,CA,115952.0,
855,277,Meta,Denesik,F,1971-12-21,PE,65794.0,
856,5,Christopher,D'Amore,F,1974-03-16,PE,103614.0,
857,790,Johnny,Wehner,F,1974-07-04,,72728.0,
858,21,Ezequiel,Baumbach,M,1992-12-19,PE,131575.0,
859,747,Charley,Hessel,M,1998-03-23,PE,90608.0,
860,137,Winston,Sipes,M,1998-05-22,PE,106134.0,
861,600,Lani,Lang,M,1974-07-06,,105188.0,
862,269,Kiya,Reynolds,F,1981-04-01,,100427.0,
863,222,Beckie,Welch,F,1983-05-13,,85858.0,
864,73,Brandon,Stokes,F,1980-01-23,,117282.0,
865,681,Kassie,Rogahn,F,1985-09-23,PE,110676.0,
866,459,Claiborne,Kuhn,F,1995-05-15,PE,58088.0,
867,710,Noreen,Bayer,M,1985-07-26,,131732.0,
868,814,Chaya,Zboncak,M,1989-05-16,PE,62362.0,
869,267,Eliot,Johnston,M,1979-10-27,PE,121358.0,
870,765,Kristen,Bechtelar,,1994-06-17,TE,95144.0,
871,666,Alysha,Greenholt,,1984-01-24,TE,141005.0,
872,910,Dereck,Jacobson,F,1977-01-27,,79325.0,
873,583,Mabel,O'Hara,F,1982-10-28,PE,136284.0,
874,985,Elba,Predovic,F,1990-08-17,PE,104396.0,
875,735,Lucius,Kautzer,F,1994-07-24,CA,77156.0,
876,947,Kirby,Schmitt,M,1970-01-19,PE,138064.0,
877,57,Jamin,Gerhold,M,1996-08-09,PE,114066.0,
878,866,Evonne,Conn,M,1992-09-21,PE,55730.0,
879,126,Redmond,Zieme,M,1979-04-06,CA,90315.0,
880,886,Ambers,Bergstrom,F,1975-04-26,,119200.0,
881,149,Sheilah,Hoeger,F,1990-12-11,PE,57102.0,
882,460,Erin,Schmidt,,1996-11-30,PE,107436.0,
883,928,West,Blanda,M,1999-08-21,PE,71422.0,
884,396,Rudolfo,Schumm,F,1987-08-06,CA,110232.0,
885,640,Clint,Feil,F,1975-12-18,PE,120068.0,
886,784,Duard,Reichert,F,1984-05-22,PE,146078.0,
887,254,Leonor,Reynolds,F,1989-04-09,CA,79301.0,
888,814,Laddie,Stroman,F,1996-01-11,PE,72613.0,
889,124,Edrie,Wilderman,F,1976-02-03,,117636.0,
890,873,Minta,Schmitt,F,1972-04-17,CA,108987.0,
891,337,Carlota,Ruecker,,1973-05-14,PE,141437.0,
892,147,Bryan,Schulist,M,1972-09-10,PE,146652.0,
893,889,Zechariah,Will,F,1977-06-27,PE,127310.0,
894,354,Levon,Reinger,F,1980-01-10,PE,100738.0,
895,980,Gisselle,Goodwin,M,1990-01-02,TE,136427.0,
896,328,Randal,Greenholt,F,1996-05-05,CA,121584.0,
897,207,True,Mante,M,1984-04-29,TE,84350.0,
898,517,Dinah,Ortiz,,1991-07-21,,129401.0,
899,281,Simon,Ortiz,F,1978-05-18,,67293.0,
900,390,Rosanne,Kihn,M,1990-01-02,PE,149941.0,
901,309,Beatriz,Brakus,,1974-07-12,TE,118988.0,
902,637,Iyanna,Bauch,F,1985-06-12,PE,117873.0,
903,217,Ryann,Mertz,M,1997-06-21,,83567.0,
904,480,Guss,Schultz,,1996-04-27,PE,95139.0,
905,690,Dejah,Mertz,F,1978-08-06,PE,113054.0,
906,492,Irl,Okuneva,M,1981-10-04,PE,58334.0,
907,126,Rayfield,Armstrong,,1974-01-16,PE,121744.0,
908,797,Oline,Bednar,F,1992-11-02,TE,121636.0,
909,679,Marie,Gibson,M,1982-03-22,,138310.0,
910,217,Adrian,Christiansen,F,1992-05-20,PE,118067.0,
911,775,Anfernee,Mitchell,F,1988-05-17,PE,92425.0,
912,599,Joshuah,Walker,F,1982-04-12,TE,127064.0,
913,908,Angella,Stanton,F,1995-08-02,,104029.0,
914,824,Mathilda,Cormier,F,1978-08-07,TE,140012.0,
915,698,Elvis,Kunze,M,1979-06-19,PE,138143.0,
916,841,Sarai,Heidenreich,F,1983-03-08,PE,76742.0,
917,54,Keandre,Herzog,M,1991-06-27,PE,133885.0,
918,818,Mikeal,Deckow,M,1970-12-05,TE,99191.0,
919,792,Akeem,Mann,F,1974-11-26,PE,120863.0,
920,906,Augustin,Bins,,1987-06-27,PE,136597.0,
921,751,Eric,Gislason,,1984-10-29,TE,70713.0,
922,43,Montel,Kunde,F,1996-07-29,CA,105292.0,
923,628,Lucretia,Shanahan,,1983-07-02,CA,128515.0,
924,749,Drake,Conroy,F,1988-11-28,TE,146475.0,
925,134,Seth,Schuppe,,1986-11-23,,148986.0,
926,623,Tyrique,Gusikowski,F,1971-02-10,PE,145009.0,
927,430,Stephan,Streich,,1995-02-08,PE,80348.0,
928,490,Beula,Koss,F,1971-04-29,,77730.0,
929,669,Evaline,Bashirian,,1988-12-20,PE,108479.0,
930,920,Devan,Harris,M,1972-09-26,PE,124033.0,
931,291,Berneice,Powlowski,,1980-11-25,PE,146171.0,
932,363,Moody,Padberg,F,1996-06-27,PE,117535.0,
933,378,Jeannine,Hyatt,,1970-11-18,PE,126739.0,
934,710,Jaycee,Koss,M,1971-10-15,TE,147143.0,
935,151,Truman,Hansen,M,1999-01-15,PE,108002.0,
936,994,Gertie,Veum,M,1994-11-16,,78682.0,
937,430,Octavia,Schaefer,,1971-02-23,TE,119608.0,
938,185,Thomas,Leffler,M,1991-01-27,PE,96328.0,
939,222,Caddie,Toy,F,1986-12-16,PE,74409.0,
940,921,Kory,Luettgen,M,1993-04-28,PE,70790.0,
941,218,Kaiden,Hayes,,1975-04-06,CA,143624.0,
942,666,Ross,Konopelski,F,1999-05-30,,87013.0,
943,809,Milas,Williamson,F,1977-11-02,PE,93584.0,
944,233,Leo,Bartell,,1995-07-07,PE,74990.0,
945,607,Stuart,Cronin,F,1971-11-18,,128312.0,
946,780,Elaine,Von,M,1972-07-06,PE,63224.0,
947,542,Casimer,Reynolds,M,1980-01-06,PE,76821.0,
948,75,Kayson,Towne,F,1980-11-08,TE,68757.0,
949,166,Ailene,Bradtke,M,1977-10-27,TE,126848.0,
950,780,Hailey,Luettgen,M,1979-02-25,PE,64791.0,
951,660,Rebekah,Ullrich,F,1986-12-04,,118321.0,
952,590,Santana,Jones,F,1999-03-09,TE,85004.0,
953,214,Debbie,Bayer,F,1983-12-31,PE,140985.0,
954,34,Danyel,Considine,F,1973-05-05,PE,61059.0,
955,79,Dorsey,Zemlak,M,1988-10-30,,72049.0,
956,590,Deidre,Graham,F,1984-02-18,,85806.0,
957,233,Bryce,Beatty,M,1970-12-15,CA,57111.0,
958,860,Tera,Glover,M,1972-04-07,TE,123495.0,
959,731,Abraham,Botsford,M,1990-06-01,,80828.0,
960,189,Clarke,Block,,1982-07-10,PE,80576.0,
961,668,Karrie,Prosacco,F,1970-12-23,PE,119203.0,
962,160,Daniele,Kassulke,M,1989-04-28,PE,138123.0,
963,56,Seth,Rippin,M,1976-04-11,PE,148561.0,
964,406,Vida,Hintz,F,1971-10-28,PE,121373.0,
965,91,Glennis,Abshire,M,1992-01-19,,104223.0,
966,743,Dessa,Crona,F,1975-04-06,,60560.0,
967,767,Joshua,Renner,M,1979-02-26,PE,109423.0,
968,88,Tempie,Heller,F,1983-07-10,PE,141141.0,
969,419,Tari,Waelchi,F,1998-10-08,PE,84696.0,
970,724,Gunnar,Prosacco,M,1979-01-26,PE,126024.0,
971,607,Alto,Wisozk,F,1975-01-11,PE,136728.0,
972,792,Nanci,Schuppe,F,1989-12-30,PE,56949.0,
973,367,Kerwin,Purdy,,1979-01-03,PE,55215.0,
974,835,Olar,Pagac,M,1997-02-15,,93548.0,
975,260,Karley,Hahn,M,1984-08-24,PE,134543.0,
976,772,Linsey,Grant,F,1974-11-11,PE,73168.0,
977,36,Callie,Lesch,M,1992-10-04,,66278.0,
978,699,Gloria,Treutel,F,1995-12-16,PE,100276.0,
979,544,Henrietta,Greenholt,,1977-04-06,PE,93206.0,
980,931,Sommer,Johnston,F,1972-11-24,PE,95217.0,
981,995,Diamond,Corkery,M,1974-05-25,PE,132008.0,
982,893,Cheyenne,Schroeder,M,1972-02-21,CA,126051.0,
983,301,Jimmie,Wisoky,F,1982-03-15,PE,55945.0,
984,95,Jase,Dibbert,M,1972-12-03,PE,146698.0,
985,819,Jed,Casper,,1998-04-21,CA,98343.0,
986,137,Rosco,Lynch,,1989-06-20,PE,103499.0,
987,562,Alpheus,Mayer,F,1977-01-25,PE,83631.0,
988,385,Marina,Stark,M,1995-02-19,TE,98078.0,
989,97,Jonnie,McDermott,M,1980-07-13,CA,100740.0,
990,916,Jerrad,Orn,,1976-12-15,PE,142640.0,
991,762,Fitzgerald,Welch,M,1991-04-11,CA,88134.0,
992,308,Elberta,Harvey,F,1988-12-29,PE,146691.0,
993,799,Valentino,Hudson,M,1988-09-16,PE,98463.0,
994,606,Patty,Swift,F,1987-12-26,CA,126589.0,
995,712,Dann,Crooks,,1983-12-25,CA,66592.0,
996,132,Maxim,Orn,M,1971-03-01,CA,127966.0,
997,126,Kimberli,Walter,M,1976-03-07,CA,60712.0,
998,277,Talmage,Bartell,F,1989-02-19,PE,103606.0,
999,960,Laurie,Nienow,M,1993-04-01,PE,127405.0,
